customer_id,time_since_last_credit_pull
SYN-1000,1
SYN-1001,4
SYN-1002,6
SYN-1003,6
SYN-1004,5
SYN-1005,38
SYN-1006,4
SYN-1007,10
SYN-1008,1
SYN-1009,4
SYN-1010,2
SYN-1011,7
SYN-1012,44
SYN-1013,11
SYN-1014,2
SYN-1015,8
SYN-1016,9
SYN-1017,4
SYN-1018,7
SYN-1019,2
SYN-1020,8
SYN-1021,6
SYN-1022,5
SYN-1023,8
SYN-1024,37
SYN-1025,7
SYN-1026,2
SYN-1027,5
SYN-1028,2
SYN-1029,9
SYN-1030,10
SYN-1031,16
SYN-1032,43
SYN-1033,3
SYN-1034,2
SYN-1035,46
SYN-1036,1
SYN-1037,11
SYN-1038,9
SYN-1039,5
SYN-1040,6
SYN-1041,7
SYN-1042,15
SYN-1043,4
SYN-1044,7
SYN-1045,4
SYN-1046,7
SYN-1047,8
SYN-1048,1
SYN-1049,8
SYN-1050,2
SYN-1051,3
SYN-1052,24
SYN-1053,8
SYN-1054,11
SYN-1055,2
SYN-1056,9
SYN-1057,11
SYN-1058,6
SYN-1059,6
SYN-1060,1
SYN-1061,4
SYN-1062,4
SYN-1063,3
SYN-1064,12
SYN-1065,9
SYN-1066,7
SYN-1067,33
SYN-1068,11
SYN-1069,1
SYN-1070,11
SYN-1071,3
SYN-1072,20
SYN-1073,1
SYN-1074,9
SYN-1075,12
SYN-1076,9
SYN-1077,11
SYN-1078,1
SYN-1079,4
SYN-1080,16
SYN-1081,7
SYN-1082,10
SYN-1083,11
SYN-1084,1
SYN-1085,10
SYN-1086,9
SYN-1087,2
SYN-1088,10
SYN-1089,3
SYN-1090,9
SYN-1091,33
SYN-1092,4
SYN-1093,4
SYN-1094,8
SYN-1095,1
SYN-1096,5
SYN-1097,3
SYN-1098,5
SYN-1099,26
SYN-1100,10
SYN-1101,11
SYN-1102,2
SYN-1103,4
SYN-1104,5
SYN-1105,11
SYN-1106,1
SYN-1107,35
SYN-1108,10
SYN-1109,8
SYN-1110,37
SYN-1111,2
SYN-1112,9
SYN-1113,1
SYN-1114,10
SYN-1115,5
SYN-1116,9
SYN-1117,5
SYN-1118,4
SYN-1119,12
SYN-1120,17
SYN-1121,9
SYN-1122,43
SYN-1123,1
SYN-1124,7
SYN-1125,5
SYN-1126,11
SYN-1127,46
SYN-1128,1
SYN-1129,29
SYN-1130,10
SYN-1131,11
SYN-1132,45
SYN-1133,13
SYN-1134,41
SYN-1135,2
SYN-1136,10
SYN-1137,7
SYN-1138,1
SYN-1139,1
SYN-1140,9
SYN-1141,1
SYN-1142,2
SYN-1143,7
SYN-1144,23
SYN-1145,7
SYN-1146,11
SYN-1147,5
SYN-1148,9
SYN-1149,1
SYN-1150,1
SYN-1151,9
SYN-1152,10
SYN-1153,10
SYN-1154,42
SYN-1155,2
SYN-1156,47
SYN-1157,20
SYN-1158,7
SYN-1159,3
SYN-1160,7
SYN-1161,1
SYN-1162,9
SYN-1163,14
SYN-1164,2
SYN-1165,11
SYN-1166,3
SYN-1167,7
SYN-1168,29
SYN-1169,4
SYN-1170,10
SYN-1171,11
SYN-1172,29
SYN-1173,9
SYN-1174,8
SYN-1175,2
SYN-1176,31
SYN-1177,11
SYN-1178,23
SYN-1179,6
SYN-1180,10
SYN-1181,18
SYN-1182,3
SYN-1183,8
SYN-1184,1
SYN-1185,30
SYN-1186,7
SYN-1187,12
SYN-1188,37
SYN-1189,8
SYN-1190,31
SYN-1191,6
SYN-1192,32
SYN-1193,35
SYN-1194,7
SYN-1195,2
SYN-1196,8
SYN-1197,5
SYN-1198,4
SYN-1199,12
SYN-1200,9
SYN-1201,2
SYN-1202,12
SYN-1203,8
SYN-1204,6
SYN-1205,12
SYN-1206,3
SYN-1207,3
SYN-1208,1
SYN-1209,8
SYN-1210,10
SYN-1211,7
SYN-1212,2
SYN-1213,32
SYN-1214,8
SYN-1215,11
SYN-1216,3
SYN-1217,5
SYN-1218,46
SYN-1219,3
SYN-1220,10
SYN-1221,1
SYN-1222,7
SYN-1223,42
SYN-1224,10
SYN-1225,3
SYN-1226,35
SYN-1227,10
SYN-1228,10
SYN-1229,3
SYN-1230,12
SYN-1231,12
SYN-1232,4
SYN-1233,9
SYN-1234,7
SYN-1235,8
SYN-1236,8
SYN-1237,6
SYN-1238,7
SYN-1239,20
SYN-1240,9
SYN-1241,46
SYN-1242,5
SYN-1243,4
SYN-1244,25
SYN-1245,12
SYN-1246,18
SYN-1247,21
SYN-1248,1
SYN-1249,17
SYN-1250,1
SYN-1251,11
SYN-1252,7
SYN-1253,17
SYN-1254,5
SYN-1255,11
SYN-1256,1
SYN-1257,12
SYN-1258,2
SYN-1259,2
SYN-1260,46
SYN-1261,8
SYN-1262,11
SYN-1263,8
SYN-1264,47
SYN-1265,6
SYN-1266,7
SYN-1267,12
SYN-1268,12
SYN-1269,13
SYN-1270,12
SYN-1271,1
SYN-1272,4
SYN-1273,4
SYN-1274,44
SYN-1275,7
SYN-1276,2
SYN-1277,5
SYN-1278,10
SYN-1279,10
SYN-1280,9
SYN-1281,1
SYN-1282,6
SYN-1283,3
SYN-1284,2
SYN-1285,6
SYN-1286,1
SYN-1287,7
SYN-1288,9
SYN-1289,6
SYN-1290,3
SYN-1291,11
SYN-1292,11
SYN-1293,5
SYN-1294,1
SYN-1295,5
SYN-1296,2
SYN-1297,6
SYN-1298,2
SYN-1299,8
SYN-1300,6
SYN-1301,2
SYN-1302,44
SYN-1303,4
SYN-1304,2
SYN-1305,6
SYN-1306,39
SYN-1307,24
SYN-1308,3
SYN-1309,10
SYN-1310,10
SYN-1311,2
SYN-1312,9
SYN-1313,4
SYN-1314,4
SYN-1315,3
SYN-1316,5
SYN-1317,8
SYN-1318,10
SYN-1319,30
SYN-1320,1
SYN-1321,9
SYN-1322,3
SYN-1323,6
SYN-1324,1
SYN-1325,8
SYN-1326,2
SYN-1327,10
SYN-1328,43
SYN-1329,12
SYN-1330,6
SYN-1331,28
SYN-1332,3
SYN-1333,10
SYN-1334,5
SYN-1335,4
SYN-1336,1
SYN-1337,2
SYN-1338,6
SYN-1339,6
SYN-1340,12
SYN-1341,19
SYN-1342,8
SYN-1343,12
SYN-1344,7
SYN-1345,4
SYN-1346,2
SYN-1347,1
SYN-1348,8
SYN-1349,31
SYN-1350,28
SYN-1351,1
SYN-1352,6
SYN-1353,2
SYN-1354,1
SYN-1355,4
SYN-1356,12
SYN-1357,3
SYN-1358,47
SYN-1359,26
SYN-1360,7
SYN-1361,12
SYN-1362,4
SYN-1363,9
SYN-1364,11
SYN-1365,11
SYN-1366,12
SYN-1367,41
SYN-1368,1
SYN-1369,33
SYN-1370,34
SYN-1371,37
SYN-1372,7
SYN-1373,4
SYN-1374,12
SYN-1375,12
SYN-1376,4
SYN-1377,25
SYN-1378,8
SYN-1379,1
SYN-1380,9
SYN-1381,7
SYN-1382,9
SYN-1383,10
SYN-1384,1
SYN-1385,1
SYN-1386,12
SYN-1387,18
SYN-1388,12
SYN-1389,11
SYN-1390,5
SYN-1391,2
SYN-1392,22
SYN-1393,7
SYN-1394,34
SYN-1395,9
SYN-1396,1
SYN-1397,7
SYN-1398,11
SYN-1399,38
SYN-1400,42
SYN-1401,11
SYN-1402,3
SYN-1403,27
SYN-1404,8
SYN-1405,8
SYN-1406,5
SYN-1407,5
SYN-1408,12
SYN-1409,1
SYN-1410,11
SYN-1411,3
SYN-1412,4
SYN-1413,17
SYN-1414,12
SYN-1415,34
SYN-1416,10
SYN-1417,8
SYN-1418,7
SYN-1419,39
SYN-1420,33
SYN-1421,10
SYN-1422,1
SYN-1423,1
SYN-1424,37
SYN-1425,47
SYN-1426,3
SYN-1427,9
SYN-1428,1
SYN-1429,7
SYN-1430,1
SYN-1431,1
SYN-1432,1
SYN-1433,4
SYN-1434,1
SYN-1435,3
SYN-1436,11
SYN-1437,40
SYN-1438,1
SYN-1439,10
SYN-1440,26
SYN-1441,10
SYN-1442,23
SYN-1443,28
SYN-1444,3
SYN-1445,1
SYN-1446,6
SYN-1447,25
SYN-1448,8
SYN-1449,10
SYN-1450,10
SYN-1451,2
SYN-1452,3
SYN-1453,1
SYN-1454,47
SYN-1455,3
SYN-1456,8
SYN-1457,8
SYN-1458,11
SYN-1459,5
SYN-1460,10
SYN-1461,1
SYN-1462,12
SYN-1463,10
SYN-1464,5
SYN-1465,4
SYN-1466,2
SYN-1467,11
SYN-1468,12
SYN-1469,7
SYN-1470,6
SYN-1471,5
SYN-1472,5
SYN-1473,7
SYN-1474,3
SYN-1475,10
SYN-1476,6
SYN-1477,44
SYN-1478,1
SYN-1479,7
SYN-1480,4
SYN-1481,7
SYN-1482,39
SYN-1483,5
SYN-1484,1
SYN-1485,5
SYN-1486,11
SYN-1487,39
SYN-1488,7
SYN-1489,25
SYN-1490,2
SYN-1491,6
SYN-1492,36
SYN-1493,11
SYN-1494,41
SYN-1495,12
SYN-1496,2
SYN-1497,2
SYN-1498,1
SYN-1499,8
SYN-1500,6
SYN-1501,29
SYN-1502,4
SYN-1503,6
SYN-1504,10
SYN-1505,12
SYN-1506,5
SYN-1507,6
SYN-1508,11
SYN-1509,12
SYN-1510,8
SYN-1511,6
SYN-1512,2
SYN-1513,12
SYN-1514,46
SYN-1515,9
SYN-1516,12
SYN-1517,12
SYN-1518,4
SYN-1519,7
SYN-1520,9
SYN-1521,6
SYN-1522,8
SYN-1523,11
SYN-1524,7
SYN-1525,1
SYN-1526,8
SYN-1527,24
SYN-1528,12
SYN-1529,8
SYN-1530,2
SYN-1531,4
SYN-1532,11
SYN-1533,24
SYN-1534,36
SYN-1535,4
SYN-1536,3
SYN-1537,10
SYN-1538,4
SYN-1539,3
SYN-1540,7
SYN-1541,1
SYN-1542,48
SYN-1543,6
SYN-1544,3
SYN-1545,8
SYN-1546,10
SYN-1547,5
SYN-1548,43
SYN-1549,10
SYN-1550,3
SYN-1551,9
SYN-1552,11
SYN-1553,21
SYN-1554,3
SYN-1555,19
SYN-1556,1
SYN-1557,25
SYN-1558,3
SYN-1559,5
SYN-1560,32
SYN-1561,2
SYN-1562,9
SYN-1563,13
SYN-1564,8
SYN-1565,6
SYN-1566,6
SYN-1567,12
SYN-1568,7
SYN-1569,41
SYN-1570,10
SYN-1571,10
SYN-1572,48
SYN-1573,2
SYN-1574,38
SYN-1575,4
SYN-1576,3
SYN-1577,40
SYN-1578,12
SYN-1579,3
SYN-1580,8
SYN-1581,4
SYN-1582,7
SYN-1583,9
SYN-1584,1
SYN-1585,7
SYN-1586,12
SYN-1587,8
SYN-1588,48
SYN-1589,4
SYN-1590,1
SYN-1591,6
SYN-1592,45
SYN-1593,3
SYN-1594,2
SYN-1595,1
SYN-1596,12
SYN-1597,1
SYN-1598,44
SYN-1599,11
SYN-1600,7
SYN-1601,6
SYN-1602,7
SYN-1603,3
SYN-1604,1
SYN-1605,7
SYN-1606,1
SYN-1607,4
SYN-1608,4
SYN-1609,11
SYN-1610,11
SYN-1611,7
SYN-1612,5
SYN-1613,12
SYN-1614,41
SYN-1615,10
SYN-1616,10
SYN-1617,9
SYN-1618,10
SYN-1619,10
SYN-1620,12
SYN-1621,9
SYN-1622,10
SYN-1623,5
SYN-1624,12
SYN-1625,1
SYN-1626,10
SYN-1627,6
SYN-1628,31
SYN-1629,11
SYN-1630,7
SYN-1631,7
SYN-1632,3
SYN-1633,27
SYN-1634,5
SYN-1635,2
SYN-1636,23
SYN-1637,10
SYN-1638,9
SYN-1639,2
SYN-1640,2
SYN-1641,5
SYN-1642,6
SYN-1643,1
SYN-1644,17
SYN-1645,41
SYN-1646,12
SYN-1647,3
SYN-1648,25
SYN-1649,9
SYN-1650,5
SYN-1651,5
SYN-1652,23
SYN-1653,12
SYN-1654,9
SYN-1655,2
SYN-1656,9
SYN-1657,3
SYN-1658,9
SYN-1659,11
SYN-1660,6
SYN-1661,5
SYN-1662,46
SYN-1663,17
SYN-1664,4
SYN-1665,5
SYN-1666,6
SYN-1667,8
SYN-1668,10
SYN-1669,5
SYN-1670,11
SYN-1671,7
SYN-1672,10
SYN-1673,7
SYN-1674,47
SYN-1675,1
SYN-1676,8
SYN-1677,38
SYN-1678,1
SYN-1679,1
SYN-1680,3
SYN-1681,7
SYN-1682,1
SYN-1683,33
SYN-1684,6
SYN-1685,11
SYN-1686,5
SYN-1687,11
SYN-1688,7
SYN-1689,6
SYN-1690,6
SYN-1691,24
SYN-1692,7
SYN-1693,1
SYN-1694,46
SYN-1695,9
SYN-1696,7
SYN-1697,3
SYN-1698,1
SYN-1699,7
SYN-1700,5
SYN-1701,3
SYN-1702,29
SYN-1703,5
SYN-1704,45
SYN-1705,8
SYN-1706,1
SYN-1707,25
SYN-1708,7
SYN-1709,7
SYN-1710,27
SYN-1711,8
SYN-1712,12
SYN-1713,14
SYN-1714,7
SYN-1715,32
SYN-1716,5
SYN-1717,26
SYN-1718,7
SYN-1719,15
SYN-1720,6
SYN-1721,9
SYN-1722,9
SYN-1723,10
SYN-1724,5
SYN-1725,4
SYN-1726,10
SYN-1727,40
SYN-1728,10
SYN-1729,8
SYN-1730,10
SYN-1731,3
SYN-1732,6
SYN-1733,9
SYN-1734,4
SYN-1735,10
SYN-1736,1
SYN-1737,1
SYN-1738,6
SYN-1739,7
SYN-1740,8
SYN-1741,9
SYN-1742,1
SYN-1743,8
SYN-1744,4
SYN-1745,11
SYN-1746,34
SYN-1747,11
SYN-1748,1
SYN-1749,40
SYN-1750,29
SYN-1751,11
SYN-1752,1
SYN-1753,2
SYN-1754,9
SYN-1755,3
SYN-1756,5
SYN-1757,1
SYN-1758,5
SYN-1759,27
SYN-1760,41
SYN-1761,8
SYN-1762,7
SYN-1763,10
SYN-1764,2
SYN-1765,2
SYN-1766,7
SYN-1767,11
SYN-1768,3
SYN-1769,9
SYN-1770,12
SYN-1771,33
SYN-1772,9
SYN-1773,12
SYN-1774,5
SYN-1775,39
SYN-1776,27
SYN-1777,40
SYN-1778,36
SYN-1779,7
SYN-1780,5
SYN-1781,39
SYN-1782,5
SYN-1783,4
SYN-1784,41
SYN-1785,13
SYN-1786,3
SYN-1787,4
SYN-1788,11
SYN-1789,2
SYN-1790,9
SYN-1791,2
SYN-1792,9
SYN-1793,22
SYN-1794,6
SYN-1795,10
SYN-1796,10
SYN-1797,1
SYN-1798,3
SYN-1799,8
SYN-1800,4
SYN-1801,2
SYN-1802,9
SYN-1803,1
SYN-1804,3
SYN-1805,11
SYN-1806,1
SYN-1807,40
SYN-1808,5
SYN-1809,12
SYN-1810,11
SYN-1811,11
SYN-1812,5
SYN-1813,8
SYN-1814,12
SYN-1815,11
SYN-1816,7
SYN-1817,6
SYN-1818,9
SYN-1819,47
SYN-1820,11
SYN-1821,41
SYN-1822,8
SYN-1823,6
SYN-1824,6
SYN-1825,1
SYN-1826,5
SYN-1827,10
SYN-1828,11
SYN-1829,7
SYN-1830,4
SYN-1831,9
SYN-1832,7
SYN-1833,1
SYN-1834,1
SYN-1835,7
SYN-1836,28
SYN-1837,11
SYN-1838,20
SYN-1839,11
SYN-1840,11
SYN-1841,12
SYN-1842,47
SYN-1843,47
SYN-1844,7
SYN-1845,2
SYN-1846,3
SYN-1847,1
SYN-1848,8
SYN-1849,38
SYN-1850,10
SYN-1851,20
SYN-1852,21
SYN-1853,3
SYN-1854,3
SYN-1855,10
SYN-1856,4
SYN-1857,12
SYN-1858,7
SYN-1859,10
SYN-1860,1
SYN-1861,6
SYN-1862,44
SYN-1863,9
SYN-1864,9
SYN-1865,4
SYN-1866,4
SYN-1867,12
SYN-1868,8
SYN-1869,12
SYN-1870,23
SYN-1871,11
SYN-1872,4
SYN-1873,34
SYN-1874,1
SYN-1875,6
SYN-1876,1
SYN-1877,11
SYN-1878,43
SYN-1879,11
SYN-1880,4
SYN-1881,12
SYN-1882,5
SYN-1883,36
SYN-1884,9
SYN-1885,2
SYN-1886,5
SYN-1887,1
SYN-1888,12
SYN-1889,22
SYN-1890,11
SYN-1891,1
SYN-1892,47
SYN-1893,2
SYN-1894,7
SYN-1895,9
SYN-1896,12
SYN-1897,41
SYN-1898,8
SYN-1899,9
SYN-1900,22
SYN-1901,5
SYN-1902,11
SYN-1903,7
SYN-1904,5
SYN-1905,8
SYN-1906,5
SYN-1907,27
SYN-1908,7
SYN-1909,7
SYN-1910,1
SYN-1911,26
SYN-1912,10
SYN-1913,4
SYN-1914,9
SYN-1915,2
SYN-1916,8
SYN-1917,12
SYN-1918,10
SYN-1919,11
SYN-1920,41
SYN-1921,9
SYN-1922,9
SYN-1923,4
SYN-1924,3
SYN-1925,2
SYN-1926,6
SYN-1927,11
SYN-1928,3
SYN-1929,4
SYN-1930,5
SYN-1931,36
SYN-1932,35
SYN-1933,5
SYN-1934,10
SYN-1935,7
SYN-1936,42
SYN-1937,5
SYN-1938,7
SYN-1939,12
SYN-1940,3
SYN-1941,6
SYN-1942,10
SYN-1943,5
SYN-1944,11
SYN-1945,12
SYN-1946,10
SYN-1947,17
SYN-1948,6
SYN-1949,23
SYN-1950,2
SYN-1951,2
SYN-1952,9
SYN-1953,31
SYN-1954,2
SYN-1955,5
SYN-1956,11
SYN-1957,12
SYN-1958,12
SYN-1959,9
SYN-1960,8
SYN-1961,5
SYN-1962,21
SYN-1963,12
SYN-1964,9
SYN-1965,11
SYN-1966,4
SYN-1967,1
SYN-1968,7
SYN-1969,11
SYN-1970,12
SYN-1971,37
SYN-1972,3
SYN-1973,25
SYN-1974,8
SYN-1975,10
SYN-1976,7
SYN-1977,2
SYN-1978,33
SYN-1979,4
SYN-1980,1
SYN-1981,21
SYN-1982,27
SYN-1983,10
SYN-1984,2
SYN-1985,4
SYN-1986,7
SYN-1987,7
SYN-1988,10
SYN-1989,2
SYN-1990,8
SYN-1991,6
SYN-1992,32
SYN-1993,7
SYN-1994,31
SYN-1995,23
SYN-1996,6
SYN-1997,32
SYN-1998,6
SYN-1999,5
SYN-2000,37
SYN-2001,2
SYN-2002,4
SYN-2003,3
SYN-2004,2
SYN-2005,6
SYN-2006,11
SYN-2007,10
SYN-2008,6
SYN-2009,3
SYN-2010,8
SYN-2011,7
SYN-2012,5
SYN-2013,5
SYN-2014,1
SYN-2015,9
SYN-2016,3
SYN-2017,6
SYN-2018,12
SYN-2019,4
SYN-2020,5
SYN-2021,11
SYN-2022,9
SYN-2023,3
SYN-2024,47
SYN-2025,1
SYN-2026,4
SYN-2027,2
SYN-2028,6
SYN-2029,12
SYN-2030,2
SYN-2031,8
SYN-2032,4
SYN-2033,18
SYN-2034,42
SYN-2035,8
SYN-2036,6
SYN-2037,3
SYN-2038,1
SYN-2039,10
SYN-2040,4
SYN-2041,11
SYN-2042,2
SYN-2043,1
SYN-2044,6
SYN-2045,1
SYN-2046,47
SYN-2047,4
SYN-2048,26
SYN-2049,6
SYN-2050,17
SYN-2051,7
SYN-2052,7
SYN-2053,19
SYN-2054,1
SYN-2055,9
SYN-2056,42
SYN-2057,38
SYN-2058,6
SYN-2059,3
SYN-2060,8
SYN-2061,7
SYN-2062,11
SYN-2063,3
SYN-2064,10
SYN-2065,4
SYN-2066,12
SYN-2067,29
SYN-2068,25
SYN-2069,15
SYN-2070,25
SYN-2071,45
SYN-2072,6
SYN-2073,12
SYN-2074,12
SYN-2075,33
SYN-2076,3
SYN-2077,19
SYN-2078,22
SYN-2079,39
SYN-2080,2
SYN-2081,5
SYN-2082,10
SYN-2083,1
SYN-2084,38
SYN-2085,4
SYN-2086,12
SYN-2087,3
SYN-2088,21
SYN-2089,1
SYN-2090,4
SYN-2091,10
SYN-2092,24
SYN-2093,37
SYN-2094,14
SYN-2095,15
SYN-2096,2
SYN-2097,5
SYN-2098,4
SYN-2099,2
SYN-2100,24
SYN-2101,9
SYN-2102,2
SYN-2103,3
SYN-2104,10
SYN-2105,7
SYN-2106,6
SYN-2107,32
SYN-2108,38
SYN-2109,5
SYN-2110,7
SYN-2111,3
SYN-2112,9
SYN-2113,4
SYN-2114,12
SYN-2115,35
SYN-2116,8
SYN-2117,8
SYN-2118,4
SYN-2119,10
SYN-2120,11
SYN-2121,10
SYN-2122,4
SYN-2123,2
SYN-2124,3
SYN-2125,7
SYN-2126,6
SYN-2127,2
SYN-2128,7
SYN-2129,6
SYN-2130,11
SYN-2131,10
SYN-2132,7
SYN-2133,5
SYN-2134,6
SYN-2135,7
SYN-2136,12
SYN-2137,5
SYN-2138,5
SYN-2139,7
SYN-2140,6
SYN-2141,6
SYN-2142,10
SYN-2143,12
SYN-2144,3
SYN-2145,10
SYN-2146,6
SYN-2147,3
SYN-2148,12
SYN-2149,7
SYN-2150,10
SYN-2151,19
SYN-2152,2
SYN-2153,42
SYN-2154,12
SYN-2155,4
SYN-2156,9
SYN-2157,6
SYN-2158,11
SYN-2159,9
SYN-2160,12
SYN-2161,11
SYN-2162,7
SYN-2163,7
SYN-2164,3
SYN-2165,8
SYN-2166,4
SYN-2167,9
SYN-2168,2
SYN-2169,6
SYN-2170,11
SYN-2171,2
SYN-2172,45
SYN-2173,12
SYN-2174,1
SYN-2175,8
SYN-2176,8
SYN-2177,16
SYN-2178,3
SYN-2179,1
SYN-2180,5
SYN-2181,7
SYN-2182,9
SYN-2183,1
SYN-2184,3
SYN-2185,5
SYN-2186,2
SYN-2187,20
SYN-2188,7
SYN-2189,10
SYN-2190,8
SYN-2191,6
SYN-2192,3
SYN-2193,11
SYN-2194,31
SYN-2195,7
SYN-2196,4
SYN-2197,8
SYN-2198,32
SYN-2199,38
SYN-2200,5
SYN-2201,11
SYN-2202,20
SYN-2203,39
SYN-2204,7
SYN-2205,10
SYN-2206,10
SYN-2207,11
SYN-2208,48
SYN-2209,6
SYN-2210,2
SYN-2211,37
SYN-2212,35
SYN-2213,10
SYN-2214,38
SYN-2215,4
SYN-2216,5
SYN-2217,1
SYN-2218,2
SYN-2219,27
SYN-2220,5
SYN-2221,11
SYN-2222,8
SYN-2223,4
SYN-2224,5
SYN-2225,2
SYN-2226,10
SYN-2227,12
SYN-2228,12
SYN-2229,17
SYN-2230,8
SYN-2231,1
SYN-2232,29
SYN-2233,2
SYN-2234,13
SYN-2235,10
SYN-2236,10
SYN-2237,2
SYN-2238,1
SYN-2239,11
SYN-2240,3
SYN-2241,1
SYN-2242,48
SYN-2243,7
SYN-2244,2
SYN-2245,9
SYN-2246,12
SYN-2247,10
SYN-2248,4
SYN-2249,2
SYN-2250,4
SYN-2251,12
SYN-2252,5
SYN-2253,3
SYN-2254,4
SYN-2255,2
SYN-2256,12
SYN-2257,11
SYN-2258,19
SYN-2259,9
SYN-2260,2
SYN-2261,8
SYN-2262,18
SYN-2263,2
SYN-2264,3
SYN-2265,2
SYN-2266,5
SYN-2267,1
SYN-2268,5
SYN-2269,11
SYN-2270,3
SYN-2271,9
SYN-2272,11
SYN-2273,18
SYN-2274,47
SYN-2275,11
SYN-2276,3
SYN-2277,12
SYN-2278,26
SYN-2279,8
SYN-2280,6
SYN-2281,5
SYN-2282,4
SYN-2283,4
SYN-2284,2
SYN-2285,44
SYN-2286,2
SYN-2287,7
SYN-2288,31
SYN-2289,22
SYN-2290,31
SYN-2291,2
SYN-2292,2
SYN-2293,4
SYN-2294,7
SYN-2295,7
SYN-2296,3
SYN-2297,7
SYN-2298,6
SYN-2299,6
SYN-2300,44
SYN-2301,2
SYN-2302,36
SYN-2303,12
SYN-2304,12
SYN-2305,9
SYN-2306,10
SYN-2307,9
SYN-2308,6
SYN-2309,10
SYN-2310,10
SYN-2311,10
SYN-2312,1
SYN-2313,19
SYN-2314,11
SYN-2315,6
SYN-2316,6
SYN-2317,7
SYN-2318,6
SYN-2319,5
SYN-2320,3
SYN-2321,12
SYN-2322,22
SYN-2323,3
SYN-2324,6
SYN-2325,1
SYN-2326,1
SYN-2327,11
SYN-2328,31
SYN-2329,11
SYN-2330,2
SYN-2331,1
SYN-2332,7
SYN-2333,7
SYN-2334,5
SYN-2335,45
SYN-2336,2
SYN-2337,1
SYN-2338,7
SYN-2339,10
SYN-2340,30
SYN-2341,2
SYN-2342,9
SYN-2343,43
SYN-2344,4
SYN-2345,2
SYN-2346,23
SYN-2347,22
SYN-2348,3
SYN-2349,22
SYN-2350,9
SYN-2351,6
SYN-2352,9
SYN-2353,32
SYN-2354,30
SYN-2355,48
SYN-2356,10
SYN-2357,4
SYN-2358,2
SYN-2359,4
SYN-2360,1
SYN-2361,6
SYN-2362,41
SYN-2363,3
SYN-2364,9
SYN-2365,1
SYN-2366,7
SYN-2367,11
SYN-2368,11
SYN-2369,8
SYN-2370,1
SYN-2371,8
SYN-2372,1
SYN-2373,47
SYN-2374,17
SYN-2375,32
SYN-2376,31
SYN-2377,12
SYN-2378,4
SYN-2379,10
SYN-2380,3
SYN-2381,9
SYN-2382,2
SYN-2383,5
SYN-2384,9
SYN-2385,8
SYN-2386,11
SYN-2387,15
SYN-2388,45
SYN-2389,10
SYN-2390,7
SYN-2391,6
SYN-2392,9
SYN-2393,1
SYN-2394,4
SYN-2395,10
SYN-2396,11
SYN-2397,27
SYN-2398,10
SYN-2399,12
SYN-2400,4
SYN-2401,7
SYN-2402,1
SYN-2403,6
SYN-2404,6
SYN-2405,6
SYN-2406,5
SYN-2407,1
SYN-2408,5
SYN-2409,13
SYN-2410,10
SYN-2411,10
SYN-2412,12
SYN-2413,3
SYN-2414,9
SYN-2415,7
SYN-2416,16
SYN-2417,7
SYN-2418,4
SYN-2419,5
SYN-2420,1
SYN-2421,33
SYN-2422,39
SYN-2423,27
SYN-2424,9
SYN-2425,48
SYN-2426,35
SYN-2427,1
SYN-2428,4
SYN-2429,7
SYN-2430,3
SYN-2431,7
SYN-2432,5
SYN-2433,8
SYN-2434,3
SYN-2435,1
SYN-2436,11
SYN-2437,22
SYN-2438,3
SYN-2439,9
SYN-2440,15
SYN-2441,8
SYN-2442,5
SYN-2443,34
SYN-2444,7
SYN-2445,6
SYN-2446,6
SYN-2447,10
SYN-2448,7
SYN-2449,44
SYN-2450,7
SYN-2451,30
SYN-2452,41
SYN-2453,26
SYN-2454,3
SYN-2455,6
SYN-2456,5
SYN-2457,4
SYN-2458,6
SYN-2459,3
SYN-2460,4
SYN-2461,14
SYN-2462,3
SYN-2463,7
SYN-2464,18
SYN-2465,2
SYN-2466,3
SYN-2467,3
SYN-2468,18
SYN-2469,9
SYN-2470,3
SYN-2471,6
SYN-2472,10
SYN-2473,38
SYN-2474,4
SYN-2475,1
SYN-2476,3
SYN-2477,1
SYN-2478,2
SYN-2479,10
SYN-2480,15
SYN-2481,6
SYN-2482,22
SYN-2483,19
SYN-2484,1
SYN-2485,28
SYN-2486,4
SYN-2487,4
SYN-2488,8
SYN-2489,16
SYN-2490,14
SYN-2491,34
SYN-2492,7
SYN-2493,34
SYN-2494,12
SYN-2495,12
SYN-2496,9
SYN-2497,6
SYN-2498,5
SYN-2499,41
SYN-2500,10
SYN-2501,3
SYN-2502,5
SYN-2503,6
SYN-2504,4
SYN-2505,27
SYN-2506,37
SYN-2507,8
SYN-2508,9
SYN-2509,5
SYN-2510,5
SYN-2511,5
SYN-2512,8
SYN-2513,20
SYN-2514,6
SYN-2515,19
SYN-2516,11
SYN-2517,8
SYN-2518,7
SYN-2519,6
SYN-2520,24
SYN-2521,11
SYN-2522,7
SYN-2523,14
SYN-2524,3
SYN-2525,12
SYN-2526,8
SYN-2527,7
SYN-2528,12
SYN-2529,3
SYN-2530,17
SYN-2531,7
SYN-2532,9
SYN-2533,8
SYN-2534,43
SYN-2535,4
SYN-2536,3
SYN-2537,44
SYN-2538,35
SYN-2539,2
SYN-2540,7
SYN-2541,9
SYN-2542,11
SYN-2543,7
SYN-2544,8
SYN-2545,31
SYN-2546,10
SYN-2547,1
SYN-2548,28
SYN-2549,6
SYN-2550,4
SYN-2551,9
SYN-2552,12
SYN-2553,28
SYN-2554,2
SYN-2555,5
SYN-2556,10
SYN-2557,9
SYN-2558,7
SYN-2559,3
SYN-2560,9
SYN-2561,2
SYN-2562,9
SYN-2563,11
SYN-2564,6
SYN-2565,6
SYN-2566,9
SYN-2567,19
SYN-2568,30
SYN-2569,1
SYN-2570,6
SYN-2571,40
SYN-2572,3
SYN-2573,4
SYN-2574,6
SYN-2575,22
SYN-2576,5
SYN-2577,6
SYN-2578,4
SYN-2579,6
SYN-2580,6
SYN-2581,7
SYN-2582,7
SYN-2583,8
SYN-2584,10
SYN-2585,3
SYN-2586,10
SYN-2587,6
SYN-2588,1
SYN-2589,11
SYN-2590,13
SYN-2591,10
SYN-2592,39
SYN-2593,9
SYN-2594,2
SYN-2595,16
SYN-2596,3
SYN-2597,7
SYN-2598,3
SYN-2599,4
SYN-2600,12
SYN-2601,41
SYN-2602,4
SYN-2603,5
SYN-2604,2
SYN-2605,20
SYN-2606,11
SYN-2607,1
SYN-2608,25
SYN-2609,8
SYN-2610,12
SYN-2611,12
SYN-2612,12
SYN-2613,35
SYN-2614,12
SYN-2615,3
SYN-2616,9
SYN-2617,11
SYN-2618,14
SYN-2619,11
SYN-2620,3
SYN-2621,41
SYN-2622,3
SYN-2623,4
SYN-2624,12
SYN-2625,12
SYN-2626,30
SYN-2627,12
SYN-2628,8
SYN-2629,12
SYN-2630,7
SYN-2631,27
SYN-2632,9
SYN-2633,1
SYN-2634,21
SYN-2635,3
SYN-2636,16
SYN-2637,12
SYN-2638,5
SYN-2639,5
SYN-2640,29
SYN-2641,9
SYN-2642,4
SYN-2643,8
SYN-2644,7
SYN-2645,45
SYN-2646,47
SYN-2647,8
SYN-2648,11
SYN-2649,26
SYN-2650,6
SYN-2651,5
SYN-2652,5
SYN-2653,10
SYN-2654,48
SYN-2655,7
SYN-2656,12
SYN-2657,2
SYN-2658,3
SYN-2659,6
SYN-2660,2
SYN-2661,4
SYN-2662,11
SYN-2663,1
SYN-2664,34
SYN-2665,2
SYN-2666,9
SYN-2667,12
SYN-2668,9
SYN-2669,4
SYN-2670,12
SYN-2671,11
SYN-2672,12
SYN-2673,29
SYN-2674,1
SYN-2675,5
SYN-2676,6
SYN-2677,9
SYN-2678,11
SYN-2679,6
SYN-2680,19
SYN-2681,11
SYN-2682,5
SYN-2683,6
SYN-2684,4
SYN-2685,13
SYN-2686,38
SYN-2687,6
SYN-2688,8
SYN-2689,41
SYN-2690,1
SYN-2691,15
SYN-2692,42
SYN-2693,11
SYN-2694,46
SYN-2695,11
SYN-2696,8
SYN-2697,7
SYN-2698,36
SYN-2699,7
SYN-2700,9
SYN-2701,2
SYN-2702,43
SYN-2703,7
SYN-2704,10
SYN-2705,9
SYN-2706,4
SYN-2707,17
SYN-2708,1
SYN-2709,1
SYN-2710,9
SYN-2711,4
SYN-2712,11
SYN-2713,10
SYN-2714,6
SYN-2715,3
SYN-2716,4
SYN-2717,4
SYN-2718,10
SYN-2719,9
SYN-2720,23
SYN-2721,11
SYN-2722,42
SYN-2723,12
SYN-2724,9
SYN-2725,34
SYN-2726,5
SYN-2727,7
SYN-2728,10
SYN-2729,1
SYN-2730,4
SYN-2731,45
SYN-2732,3
SYN-2733,8
SYN-2734,37
SYN-2735,9
SYN-2736,4
SYN-2737,2
SYN-2738,12
SYN-2739,3
SYN-2740,9
SYN-2741,5
SYN-2742,4
SYN-2743,47
SYN-2744,4
SYN-2745,1
SYN-2746,10
SYN-2747,3
SYN-2748,1
SYN-2749,4
SYN-2750,12
SYN-2751,8
SYN-2752,8
SYN-2753,12
SYN-2754,2
SYN-2755,45
SYN-2756,6
SYN-2757,43
SYN-2758,7
SYN-2759,16
SYN-2760,18
SYN-2761,16
SYN-2762,12
SYN-2763,3
SYN-2764,31
SYN-2765,11
SYN-2766,6
SYN-2767,8
SYN-2768,12
SYN-2769,8
SYN-2770,40
SYN-2771,11
SYN-2772,11
SYN-2773,7
SYN-2774,10
SYN-2775,7
SYN-2776,8
SYN-2777,1
SYN-2778,12
SYN-2779,9
SYN-2780,4
SYN-2781,5
SYN-2782,36
SYN-2783,31
SYN-2784,11
SYN-2785,12
SYN-2786,8
SYN-2787,12
SYN-2788,18
SYN-2789,5
SYN-2790,10
SYN-2791,8
SYN-2792,31
SYN-2793,4
SYN-2794,2
SYN-2795,11
SYN-2796,2
SYN-2797,6
SYN-2798,19
SYN-2799,38
SYN-2800,3
SYN-2801,1
SYN-2802,3
SYN-2803,9
SYN-2804,4
SYN-2805,8
SYN-2806,10
SYN-2807,9
SYN-2808,4
SYN-2809,5
SYN-2810,12
SYN-2811,8
SYN-2812,10
SYN-2813,31
SYN-2814,8
SYN-2815,5
SYN-2816,12
SYN-2817,7
SYN-2818,7
SYN-2819,11
SYN-2820,3
SYN-2821,26
SYN-2822,44
SYN-2823,11
SYN-2824,6
SYN-2825,46
SYN-2826,38
SYN-2827,5
SYN-2828,10
SYN-2829,12
SYN-2830,3
SYN-2831,1
SYN-2832,12
SYN-2833,11
SYN-2834,1
SYN-2835,11
SYN-2836,32
SYN-2837,7
SYN-2838,6
SYN-2839,14
SYN-2840,6
SYN-2841,3
SYN-2842,2
SYN-2843,11
SYN-2844,1
SYN-2845,12
SYN-2846,4
SYN-2847,7
SYN-2848,4
SYN-2849,12
SYN-2850,4
SYN-2851,2
SYN-2852,1
SYN-2853,10
SYN-2854,28
SYN-2855,41
SYN-2856,12
SYN-2857,32
SYN-2858,9
SYN-2859,3
SYN-2860,4
SYN-2861,5
SYN-2862,47
SYN-2863,10
SYN-2864,10
SYN-2865,10
SYN-2866,1
SYN-2867,12
SYN-2868,8
SYN-2869,2
SYN-2870,7
SYN-2871,9
SYN-2872,1
SYN-2873,2
SYN-2874,21
SYN-2875,7
SYN-2876,6
SYN-2877,10
SYN-2878,8
SYN-2879,5
SYN-2880,1
SYN-2881,12
SYN-2882,2
SYN-2883,35
SYN-2884,4
SYN-2885,12
SYN-2886,10
SYN-2887,4
SYN-2888,10
SYN-2889,3
SYN-2890,20
SYN-2891,3
SYN-2892,10
SYN-2893,7
SYN-2894,6
SYN-2895,12
SYN-2896,44
SYN-2897,12
SYN-2898,9
SYN-2899,7
SYN-2900,3
SYN-2901,9
SYN-2902,4
SYN-2903,4
SYN-2904,9
SYN-2905,11
SYN-2906,2
SYN-2907,7
SYN-2908,11
SYN-2909,38
SYN-2910,23
SYN-2911,40
SYN-2912,9
SYN-2913,9
SYN-2914,25
SYN-2915,7
SYN-2916,38
SYN-2917,6
SYN-2918,48
SYN-2919,10
SYN-2920,12
SYN-2921,10
SYN-2922,31
SYN-2923,4
SYN-2924,10
SYN-2925,3
SYN-2926,10
SYN-2927,8
SYN-2928,33
SYN-2929,8
SYN-2930,1
SYN-2931,4
SYN-2932,6
SYN-2933,9
SYN-2934,14
SYN-2935,12
SYN-2936,5
SYN-2937,41
SYN-2938,37
SYN-2939,9
SYN-2940,10
SYN-2941,21
SYN-2942,6
SYN-2943,6
SYN-2944,9
SYN-2945,2
SYN-2946,5
SYN-2947,1
SYN-2948,36
SYN-2949,1
SYN-2950,3
SYN-2951,10
SYN-2952,3
SYN-2953,8
SYN-2954,8
SYN-2955,8
SYN-2956,11
SYN-2957,1
SYN-2958,10
SYN-2959,20
SYN-2960,22
SYN-2961,1
SYN-2962,45
SYN-2963,11
SYN-2964,30
SYN-2965,14
SYN-2966,11
SYN-2967,3
SYN-2968,3
SYN-2969,4
SYN-2970,4
SYN-2971,11
SYN-2972,7
SYN-2973,15
SYN-2974,44
SYN-2975,1
SYN-2976,5
SYN-2977,7
SYN-2978,7
SYN-2979,41
SYN-2980,8
SYN-2981,12
SYN-2982,1
SYN-2983,6
SYN-2984,12
SYN-2985,30
SYN-2986,11
SYN-2987,6
SYN-2988,11
SYN-2989,8
SYN-2990,12
SYN-2991,8
SYN-2992,6
SYN-2993,5
SYN-2994,4
SYN-2995,12
SYN-2996,37
SYN-2997,9
SYN-2998,11
SYN-2999,6
SYN-3000,9
SYN-3001,30
SYN-3002,5
SYN-3003,4
SYN-3004,6
SYN-3005,7
SYN-3006,7
SYN-3007,4
SYN-3008,7
SYN-3009,9
SYN-3010,3
SYN-3011,42
SYN-3012,9
SYN-3013,9
SYN-3014,5
SYN-3015,11
SYN-3016,10
SYN-3017,11
SYN-3018,5
SYN-3019,12
SYN-3020,10
SYN-3021,9
SYN-3022,14
SYN-3023,5
SYN-3024,1
SYN-3025,12
SYN-3026,24
SYN-3027,7
SYN-3028,12
SYN-3029,1
SYN-3030,5
SYN-3031,25
SYN-3032,12
SYN-3033,4
SYN-3034,8
SYN-3035,10
SYN-3036,11
SYN-3037,6
SYN-3038,11
SYN-3039,48
SYN-3040,2
SYN-3041,6
SYN-3042,6
SYN-3043,15
SYN-3044,12
SYN-3045,1
SYN-3046,6
SYN-3047,24
SYN-3048,2
SYN-3049,6
SYN-3050,2
SYN-3051,42
SYN-3052,11
SYN-3053,11
SYN-3054,4
SYN-3055,10
SYN-3056,6
SYN-3057,19
SYN-3058,28
SYN-3059,10
SYN-3060,23
SYN-3061,3
SYN-3062,5
SYN-3063,40
SYN-3064,7
SYN-3065,11
SYN-3066,12
SYN-3067,36
SYN-3068,9
SYN-3069,35
SYN-3070,6
SYN-3071,5
SYN-3072,7
SYN-3073,10
SYN-3074,11
SYN-3075,27
SYN-3076,2
SYN-3077,5
SYN-3078,6
SYN-3079,11
SYN-3080,8
SYN-3081,7
SYN-3082,24
SYN-3083,2
SYN-3084,4
SYN-3085,5
SYN-3086,3
SYN-3087,11
SYN-3088,8
SYN-3089,7
SYN-3090,12
SYN-3091,40
SYN-3092,2
SYN-3093,40
SYN-3094,29
SYN-3095,9
SYN-3096,11
SYN-3097,3
SYN-3098,16
SYN-3099,4
SYN-3100,40
SYN-3101,4
SYN-3102,10
SYN-3103,2
SYN-3104,8
SYN-3105,5
SYN-3106,12
SYN-3107,10
SYN-3108,9
SYN-3109,21
SYN-3110,12
SYN-3111,8
SYN-3112,2
SYN-3113,4
SYN-3114,4
SYN-3115,9
SYN-3116,9
SYN-3117,5
SYN-3118,2
SYN-3119,11
SYN-3120,22
SYN-3121,4
SYN-3122,6
SYN-3123,22
SYN-3124,12
SYN-3125,4
SYN-3126,8
SYN-3127,6
SYN-3128,8
SYN-3129,17
SYN-3130,34
SYN-3131,1
SYN-3132,11
SYN-3133,2
SYN-3134,12
SYN-3135,5
SYN-3136,10
SYN-3137,2
SYN-3138,11
SYN-3139,3
SYN-3140,10
SYN-3141,2
SYN-3142,2
SYN-3143,7
SYN-3144,20
SYN-3145,8
SYN-3146,7
SYN-3147,6
SYN-3148,8
SYN-3149,3
SYN-3150,7
SYN-3151,18
SYN-3152,12
SYN-3153,4
SYN-3154,3
SYN-3155,48
SYN-3156,10
SYN-3157,6
SYN-3158,11
SYN-3159,8
SYN-3160,14
SYN-3161,10
SYN-3162,8
SYN-3163,8
SYN-3164,6
SYN-3165,12
SYN-3166,12
SYN-3167,25
SYN-3168,30
SYN-3169,1
SYN-3170,3
SYN-3171,37
SYN-3172,9
SYN-3173,8
SYN-3174,1
SYN-3175,12
SYN-3176,11
SYN-3177,1
SYN-3178,33
SYN-3179,8
SYN-3180,1
SYN-3181,1
SYN-3182,10
SYN-3183,4
SYN-3184,11
SYN-3185,11
SYN-3186,11
SYN-3187,22
SYN-3188,7
SYN-3189,2
SYN-3190,28
SYN-3191,11
SYN-3192,24
SYN-3193,33
SYN-3194,28
SYN-3195,1
SYN-3196,32
SYN-3197,13
SYN-3198,47
SYN-3199,3
SYN-3200,4
SYN-3201,48
SYN-3202,11
SYN-3203,11
SYN-3204,2
SYN-3205,11
SYN-3206,7
SYN-3207,4
SYN-3208,11
SYN-3209,2
SYN-3210,12
SYN-3211,4
SYN-3212,10
SYN-3213,45
SYN-3214,5
SYN-3215,7
SYN-3216,1
SYN-3217,35
SYN-3218,29
SYN-3219,2
SYN-3220,8
SYN-3221,8
SYN-3222,28
SYN-3223,6
SYN-3224,1
SYN-3225,11
SYN-3226,10
SYN-3227,3
SYN-3228,1
SYN-3229,2
SYN-3230,10
SYN-3231,10
SYN-3232,11
SYN-3233,5
SYN-3234,7
SYN-3235,3
SYN-3236,6
SYN-3237,2
SYN-3238,8
SYN-3239,2
SYN-3240,8
SYN-3241,2
SYN-3242,11
SYN-3243,7
SYN-3244,7
SYN-3245,6
SYN-3246,3
SYN-3247,7
SYN-3248,8
SYN-3249,1
SYN-3250,8
SYN-3251,2
SYN-3252,46
SYN-3253,5
SYN-3254,1
SYN-3255,21
SYN-3256,11
SYN-3257,5
SYN-3258,2
SYN-3259,7
SYN-3260,3
SYN-3261,4
SYN-3262,1
SYN-3263,11
SYN-3264,42
SYN-3265,2
SYN-3266,3
SYN-3267,2
SYN-3268,5
SYN-3269,2
SYN-3270,9
SYN-3271,4
SYN-3272,7
SYN-3273,1
SYN-3274,7
SYN-3275,9
SYN-3276,7
SYN-3277,8
SYN-3278,4
SYN-3279,9
SYN-3280,4
SYN-3281,30
SYN-3282,8
SYN-3283,11
SYN-3284,12
SYN-3285,2
SYN-3286,10
SYN-3287,12
SYN-3288,12
SYN-3289,10
SYN-3290,23
SYN-3291,1
SYN-3292,10
SYN-3293,2
SYN-3294,29
SYN-3295,22
SYN-3296,2
SYN-3297,3
SYN-3298,23
SYN-3299,2
SYN-3300,1
SYN-3301,20
SYN-3302,10
SYN-3303,7
SYN-3304,8
SYN-3305,8
SYN-3306,12
SYN-3307,12
SYN-3308,5
SYN-3309,8
SYN-3310,10
SYN-3311,10
SYN-3312,6
SYN-3313,21
SYN-3314,20
SYN-3315,47
SYN-3316,6
SYN-3317,6
SYN-3318,2
SYN-3319,9
SYN-3320,1
SYN-3321,8
SYN-3322,11
SYN-3323,12
SYN-3324,4
SYN-3325,39
SYN-3326,2
SYN-3327,42
SYN-3328,6
SYN-3329,8
SYN-3330,12
SYN-3331,7
SYN-3332,32
SYN-3333,4
SYN-3334,9
SYN-3335,2
SYN-3336,4
SYN-3337,12
SYN-3338,11
SYN-3339,10
SYN-3340,46
SYN-3341,3
SYN-3342,2
SYN-3343,11
SYN-3344,8
SYN-3345,44
SYN-3346,11
SYN-3347,2
SYN-3348,12
SYN-3349,20
SYN-3350,4
SYN-3351,46
SYN-3352,10
SYN-3353,15
SYN-3354,10
SYN-3355,4
SYN-3356,3
SYN-3357,12
SYN-3358,9
SYN-3359,9
SYN-3360,12
SYN-3361,4
SYN-3362,10
SYN-3363,2
SYN-3364,30
SYN-3365,4
SYN-3366,3
SYN-3367,33
SYN-3368,6
SYN-3369,30
SYN-3370,24
SYN-3371,2
SYN-3372,5
SYN-3373,7
SYN-3374,2
SYN-3375,3
SYN-3376,7
SYN-3377,2
SYN-3378,7
SYN-3379,10
SYN-3380,5
SYN-3381,26
SYN-3382,9
SYN-3383,4
SYN-3384,37
SYN-3385,1
SYN-3386,1
SYN-3387,8
SYN-3388,9
SYN-3389,6
SYN-3390,10
SYN-3391,40
SYN-3392,5
SYN-3393,10
SYN-3394,3
SYN-3395,12
SYN-3396,24
SYN-3397,8
SYN-3398,4
SYN-3399,2
SYN-3400,9
SYN-3401,26
SYN-3402,10
SYN-3403,7
SYN-3404,8
SYN-3405,2
SYN-3406,4
SYN-3407,1
SYN-3408,3
SYN-3409,11
SYN-3410,23
SYN-3411,5
SYN-3412,46
SYN-3413,12
SYN-3414,1
SYN-3415,4
SYN-3416,28
SYN-3417,5
SYN-3418,2
SYN-3419,2
SYN-3420,5
SYN-3421,3
SYN-3422,9
SYN-3423,5
SYN-3424,14
SYN-3425,30
SYN-3426,6
SYN-3427,32
SYN-3428,6
SYN-3429,2
SYN-3430,45
SYN-3431,2
SYN-3432,7
SYN-3433,1
SYN-3434,10
SYN-3435,5
SYN-3436,4
SYN-3437,10
SYN-3438,4
SYN-3439,6
SYN-3440,11
SYN-3441,33
SYN-3442,11
SYN-3443,1
SYN-3444,3
SYN-3445,2
SYN-3446,2
SYN-3447,25
SYN-3448,6
SYN-3449,3
SYN-3450,10
SYN-3451,1
SYN-3452,3
SYN-3453,7
SYN-3454,7
SYN-3455,7
SYN-3456,3
SYN-3457,4
SYN-3458,7
SYN-3459,29
SYN-3460,17
SYN-3461,9
SYN-3462,4
SYN-3463,1
SYN-3464,4
SYN-3465,5
SYN-3466,22
SYN-3467,7
SYN-3468,3
SYN-3469,4
SYN-3470,4
SYN-3471,5
SYN-3472,9
SYN-3473,4
SYN-3474,8
SYN-3475,12
SYN-3476,7
SYN-3477,5
SYN-3478,9
SYN-3479,6
SYN-3480,3
SYN-3481,12
SYN-3482,7
SYN-3483,3
SYN-3484,6
SYN-3485,30
SYN-3486,1
SYN-3487,6
SYN-3488,48
SYN-3489,9
SYN-3490,6
SYN-3491,8
SYN-3492,1
SYN-3493,7
SYN-3494,10
SYN-3495,7
SYN-3496,4
SYN-3497,2
SYN-3498,8
SYN-3499,1
SYN-3500,2
SYN-3501,9
SYN-3502,1
SYN-3503,10
SYN-3504,3
SYN-3505,8
SYN-3506,5
SYN-3507,12
SYN-3508,11
SYN-3509,7
SYN-3510,7
SYN-3511,10
SYN-3512,10
SYN-3513,1
SYN-3514,2
SYN-3515,11
SYN-3516,40
SYN-3517,2
SYN-3518,10
SYN-3519,2
SYN-3520,26
SYN-3521,5
SYN-3522,12
SYN-3523,8
SYN-3524,38
SYN-3525,6
SYN-3526,12
SYN-3527,11
SYN-3528,9
SYN-3529,7
SYN-3530,11
SYN-3531,44
SYN-3532,5
SYN-3533,12
SYN-3534,4
SYN-3535,4
SYN-3536,6
SYN-3537,11
SYN-3538,10
SYN-3539,1
SYN-3540,5
SYN-3541,1
SYN-3542,7
SYN-3543,12
SYN-3544,4
SYN-3545,5
SYN-3546,29
SYN-3547,9
SYN-3548,8
SYN-3549,9
SYN-3550,6
SYN-3551,2
SYN-3552,1
SYN-3553,6
SYN-3554,28
SYN-3555,12
SYN-3556,7
SYN-3557,7
SYN-3558,5
SYN-3559,2
SYN-3560,4
SYN-3561,5
SYN-3562,12
SYN-3563,9
SYN-3564,11
SYN-3565,6
SYN-3566,4
SYN-3567,18
SYN-3568,18
SYN-3569,3
SYN-3570,10
SYN-3571,6
SYN-3572,26
SYN-3573,31
SYN-3574,9
SYN-3575,3
SYN-3576,12
SYN-3577,6
SYN-3578,8
SYN-3579,26
SYN-3580,7
SYN-3581,25
SYN-3582,4
SYN-3583,11
SYN-3584,11
SYN-3585,7
SYN-3586,10
SYN-3587,12
SYN-3588,4
SYN-3589,17
SYN-3590,3
SYN-3591,36
SYN-3592,7
SYN-3593,16
SYN-3594,4
SYN-3595,8
SYN-3596,6
SYN-3597,7
SYN-3598,39
SYN-3599,7
SYN-3600,7
SYN-3601,6
SYN-3602,9
SYN-3603,9
SYN-3604,10
SYN-3605,8
SYN-3606,8
SYN-3607,6
SYN-3608,11
SYN-3609,4
SYN-3610,9
SYN-3611,3
SYN-3612,4
SYN-3613,8
SYN-3614,1
SYN-3615,4
SYN-3616,8
SYN-3617,8
SYN-3618,5
SYN-3619,1
SYN-3620,8
SYN-3621,6
SYN-3622,41
SYN-3623,5
SYN-3624,33
SYN-3625,4
SYN-3626,4
SYN-3627,16
SYN-3628,11
SYN-3629,10
SYN-3630,12
SYN-3631,39
SYN-3632,6
SYN-3633,3
SYN-3634,5
SYN-3635,6
SYN-3636,6
SYN-3637,7
SYN-3638,6
SYN-3639,4
SYN-3640,3
SYN-3641,7
SYN-3642,11
SYN-3643,11
SYN-3644,1
SYN-3645,1
SYN-3646,10
SYN-3647,2
SYN-3648,28
SYN-3649,10
SYN-3650,11
SYN-3651,7
SYN-3652,45
SYN-3653,12
SYN-3654,6
SYN-3655,2
SYN-3656,11
SYN-3657,9
SYN-3658,8
SYN-3659,5
SYN-3660,2
SYN-3661,5
SYN-3662,7
SYN-3663,9
SYN-3664,11
SYN-3665,8
SYN-3666,5
SYN-3667,12
SYN-3668,7
SYN-3669,7
SYN-3670,3
SYN-3671,1
SYN-3672,12
SYN-3673,38
SYN-3674,10
SYN-3675,1
SYN-3676,10
SYN-3677,23
SYN-3678,12
SYN-3679,12
SYN-3680,24
SYN-3681,5
SYN-3682,6
SYN-3683,8
SYN-3684,10
SYN-3685,3
SYN-3686,2
SYN-3687,6
SYN-3688,18
SYN-3689,7
SYN-3690,44
SYN-3691,4
SYN-3692,10
SYN-3693,5
SYN-3694,12
SYN-3695,3
SYN-3696,5
SYN-3697,3
SYN-3698,33
SYN-3699,5
SYN-3700,23
SYN-3701,4
SYN-3702,8
SYN-3703,6
SYN-3704,9
SYN-3705,11
SYN-3706,7
SYN-3707,8
SYN-3708,2
SYN-3709,4
SYN-3710,2
SYN-3711,4
SYN-3712,35
SYN-3713,4
SYN-3714,7
SYN-3715,9
SYN-3716,6
SYN-3717,10
SYN-3718,9
SYN-3719,3
SYN-3720,8
SYN-3721,6
SYN-3722,10
SYN-3723,1
SYN-3724,9
SYN-3725,11
SYN-3726,2
SYN-3727,9
SYN-3728,6
SYN-3729,9
SYN-3730,2
SYN-3731,6
SYN-3732,3
SYN-3733,4
SYN-3734,2
SYN-3735,5
SYN-3736,10
SYN-3737,15
SYN-3738,4
SYN-3739,2
SYN-3740,7
SYN-3741,21
SYN-3742,3
SYN-3743,3
SYN-3744,36
SYN-3745,12
SYN-3746,1
SYN-3747,12
SYN-3748,3
SYN-3749,33
SYN-3750,25
SYN-3751,2
SYN-3752,7
SYN-3753,28
SYN-3754,35
SYN-3755,1
SYN-3756,6
SYN-3757,4
SYN-3758,32
SYN-3759,8
SYN-3760,2
SYN-3761,2
SYN-3762,10
SYN-3763,12
SYN-3764,10
SYN-3765,11
SYN-3766,6
SYN-3767,12
SYN-3768,7
SYN-3769,5
SYN-3770,5
SYN-3771,48
SYN-3772,3
SYN-3773,2
SYN-3774,30
SYN-3775,1
SYN-3776,11
SYN-3777,19
SYN-3778,19
SYN-3779,12
SYN-3780,11
SYN-3781,10
SYN-3782,16
SYN-3783,12
SYN-3784,11
SYN-3785,29
SYN-3786,20
SYN-3787,3
SYN-3788,9
SYN-3789,3
SYN-3790,11
SYN-3791,6
SYN-3792,7
SYN-3793,37
SYN-3794,10
SYN-3795,3
SYN-3796,25
SYN-3797,8
SYN-3798,12
SYN-3799,13
SYN-3800,27
SYN-3801,35
SYN-3802,3
SYN-3803,8
SYN-3804,25
SYN-3805,14
SYN-3806,42
SYN-3807,5
SYN-3808,10
SYN-3809,3
SYN-3810,4
SYN-3811,2
SYN-3812,35
SYN-3813,34
SYN-3814,15
SYN-3815,9
SYN-3816,11
SYN-3817,22
SYN-3818,9
SYN-3819,7
SYN-3820,48
SYN-3821,24
SYN-3822,7
SYN-3823,5
SYN-3824,5
SYN-3825,7
SYN-3826,10
SYN-3827,1
SYN-3828,1
SYN-3829,2
SYN-3830,12
SYN-3831,6
SYN-3832,12
SYN-3833,1
SYN-3834,37
SYN-3835,6
SYN-3836,3
SYN-3837,9
SYN-3838,9
SYN-3839,8
SYN-3840,7
SYN-3841,12
SYN-3842,10
SYN-3843,4
SYN-3844,37
SYN-3845,1
SYN-3846,3
SYN-3847,3
SYN-3848,1
SYN-3849,2
SYN-3850,4
SYN-3851,1
SYN-3852,8
SYN-3853,5
SYN-3854,8
SYN-3855,2
SYN-3856,10
SYN-3857,45
SYN-3858,34
SYN-3859,29
SYN-3860,9
SYN-3861,6
SYN-3862,9
SYN-3863,31
SYN-3864,10
SYN-3865,2
SYN-3866,10
SYN-3867,6
SYN-3868,8
SYN-3869,28
SYN-3870,2
SYN-3871,7
SYN-3872,11
SYN-3873,34
SYN-3874,3
SYN-3875,7
SYN-3876,9
SYN-3877,9
SYN-3878,7
SYN-3879,9
SYN-3880,7
SYN-3881,6
SYN-3882,11
SYN-3883,23
SYN-3884,11
SYN-3885,9
SYN-3886,3
SYN-3887,3
SYN-3888,1
SYN-3889,2
SYN-3890,3
SYN-3891,4
SYN-3892,45
SYN-3893,7
SYN-3894,5
SYN-3895,7
SYN-3896,7
SYN-3897,9
SYN-3898,38
SYN-3899,9
SYN-3900,5
SYN-3901,10
SYN-3902,10
SYN-3903,3
SYN-3904,35
SYN-3905,2
SYN-3906,6
SYN-3907,11
SYN-3908,6
SYN-3909,3
SYN-3910,12
SYN-3911,5
SYN-3912,8
SYN-3913,2
SYN-3914,2
SYN-3915,5
SYN-3916,7
SYN-3917,3
SYN-3918,6
SYN-3919,12
SYN-3920,10
SYN-3921,7
SYN-3922,4
SYN-3923,7
SYN-3924,6
SYN-3925,35
SYN-3926,7
SYN-3927,2
SYN-3928,8
SYN-3929,7
SYN-3930,12
SYN-3931,16
SYN-3932,4
SYN-3933,9
SYN-3934,1
SYN-3935,7
SYN-3936,1
SYN-3937,33
SYN-3938,11
SYN-3939,3
SYN-3940,3
SYN-3941,30
SYN-3942,12
SYN-3943,11
SYN-3944,8
SYN-3945,9
SYN-3946,46
SYN-3947,7
SYN-3948,1
SYN-3949,11
SYN-3950,1
SYN-3951,4
SYN-3952,32
SYN-3953,2
SYN-3954,6
SYN-3955,8
SYN-3956,6
SYN-3957,9
SYN-3958,12
SYN-3959,6
SYN-3960,5
SYN-3961,1
SYN-3962,10
SYN-3963,38
SYN-3964,40
SYN-3965,5
SYN-3966,7
SYN-3967,3
SYN-3968,1
SYN-3969,12
SYN-3970,12
SYN-3971,5
SYN-3972,2
SYN-3973,22
SYN-3974,6
SYN-3975,12
SYN-3976,11
SYN-3977,45
SYN-3978,1
SYN-3979,18
SYN-3980,6
SYN-3981,12
SYN-3982,11
SYN-3983,4
SYN-3984,1
SYN-3985,8
SYN-3986,6
SYN-3987,2
SYN-3988,7
SYN-3989,29
SYN-3990,10
SYN-3991,8
SYN-3992,5
SYN-3993,7
SYN-3994,48
SYN-3995,1
SYN-3996,6
SYN-3997,19
SYN-3998,2
SYN-3999,6
SYN-4000,3
SYN-4001,12
SYN-4002,2
SYN-4003,10
SYN-4004,6
SYN-4005,2
SYN-4006,5
SYN-4007,3
SYN-4008,11
SYN-4009,9
SYN-4010,6
SYN-4011,8
SYN-4012,8
SYN-4013,7
SYN-4014,10
SYN-4015,8
SYN-4016,33
SYN-4017,10
SYN-4018,12
SYN-4019,5
SYN-4020,7
SYN-4021,11
SYN-4022,6
SYN-4023,10
SYN-4024,22
SYN-4025,10
SYN-4026,10
SYN-4027,1
SYN-4028,12
SYN-4029,2
SYN-4030,6
SYN-4031,8
SYN-4032,16
SYN-4033,2
SYN-4034,34
SYN-4035,8
SYN-4036,4
SYN-4037,10
SYN-4038,4
SYN-4039,11
SYN-4040,9
SYN-4041,3
SYN-4042,6
SYN-4043,9
SYN-4044,5
SYN-4045,34
SYN-4046,12
SYN-4047,5
SYN-4048,47
SYN-4049,11
SYN-4050,4
SYN-4051,6
SYN-4052,22
SYN-4053,6
SYN-4054,1
SYN-4055,11
SYN-4056,6
SYN-4057,10
SYN-4058,8
SYN-4059,9
SYN-4060,39
SYN-4061,3
SYN-4062,9
SYN-4063,5
SYN-4064,2
SYN-4065,7
SYN-4066,26
SYN-4067,11
SYN-4068,11
SYN-4069,1
SYN-4070,8
SYN-4071,38
SYN-4072,8
SYN-4073,2
SYN-4074,8
SYN-4075,8
SYN-4076,12
SYN-4077,5
SYN-4078,35
SYN-4079,10
SYN-4080,1
SYN-4081,4
SYN-4082,5
SYN-4083,7
SYN-4084,42
SYN-4085,37
SYN-4086,17
SYN-4087,10
SYN-4088,11
SYN-4089,2
SYN-4090,1
SYN-4091,8
SYN-4092,11
SYN-4093,1
SYN-4094,7
SYN-4095,3
SYN-4096,6
SYN-4097,2
SYN-4098,12
SYN-4099,36
SYN-4100,4
SYN-4101,10
SYN-4102,7
SYN-4103,6
SYN-4104,7
SYN-4105,4
SYN-4106,11
SYN-4107,12
SYN-4108,7
SYN-4109,16
SYN-4110,3
SYN-4111,4
SYN-4112,2
SYN-4113,4
SYN-4114,2
SYN-4115,10
SYN-4116,30
SYN-4117,42
SYN-4118,5
SYN-4119,32
SYN-4120,4
SYN-4121,11
SYN-4122,6
SYN-4123,12
SYN-4124,8
SYN-4125,2
SYN-4126,5
SYN-4127,1
SYN-4128,13
SYN-4129,8
SYN-4130,4
SYN-4131,11
SYN-4132,6
SYN-4133,3
SYN-4134,1
SYN-4135,6
SYN-4136,39
SYN-4137,12
SYN-4138,10
SYN-4139,12
SYN-4140,2
SYN-4141,45
SYN-4142,9
SYN-4143,10
SYN-4144,21
SYN-4145,4
SYN-4146,3
SYN-4147,23
SYN-4148,3
SYN-4149,2
SYN-4150,10
SYN-4151,11
SYN-4152,3
SYN-4153,10
SYN-4154,7
SYN-4155,6
SYN-4156,5
SYN-4157,5
SYN-4158,6
SYN-4159,3
SYN-4160,6
SYN-4161,2
SYN-4162,19
SYN-4163,12
SYN-4164,12
SYN-4165,4
SYN-4166,8
SYN-4167,14
SYN-4168,3
SYN-4169,48
SYN-4170,11
SYN-4171,12
SYN-4172,8
SYN-4173,12
SYN-4174,5
SYN-4175,9
SYN-4176,5
SYN-4177,2
SYN-4178,11
SYN-4179,14
SYN-4180,5
SYN-4181,4
SYN-4182,33
SYN-4183,1
SYN-4184,2
SYN-4185,23
SYN-4186,7
SYN-4187,13
SYN-4188,7
SYN-4189,8
SYN-4190,1
SYN-4191,1
SYN-4192,11
SYN-4193,7
SYN-4194,47
SYN-4195,8
SYN-4196,12
SYN-4197,1
SYN-4198,11
SYN-4199,2
SYN-4200,3
SYN-4201,8
SYN-4202,31
SYN-4203,9
SYN-4204,1
SYN-4205,2
SYN-4206,10
SYN-4207,4
SYN-4208,11
SYN-4209,32
SYN-4210,7
SYN-4211,7
SYN-4212,2
SYN-4213,2
SYN-4214,6
SYN-4215,11
SYN-4216,10
SYN-4217,7
SYN-4218,5
SYN-4219,10
SYN-4220,44
SYN-4221,4
SYN-4222,6
SYN-4223,2
SYN-4224,10
SYN-4225,1
SYN-4226,17
SYN-4227,6
SYN-4228,2
SYN-4229,47
SYN-4230,38
SYN-4231,1
SYN-4232,3
SYN-4233,34
SYN-4234,2
SYN-4235,11
SYN-4236,12
SYN-4237,34
SYN-4238,7
SYN-4239,3
SYN-4240,40
SYN-4241,1
SYN-4242,9
SYN-4243,5
SYN-4244,3
SYN-4245,10
SYN-4246,6
SYN-4247,9
SYN-4248,4
SYN-4249,10
SYN-4250,1
SYN-4251,8
SYN-4252,6
SYN-4253,8
SYN-4254,5
SYN-4255,4
SYN-4256,12
SYN-4257,1
SYN-4258,12
SYN-4259,16
SYN-4260,2
SYN-4261,47
SYN-4262,2
SYN-4263,6
SYN-4264,11
SYN-4265,8
SYN-4266,1
SYN-4267,6
SYN-4268,10
SYN-4269,8
SYN-4270,2
SYN-4271,12
SYN-4272,15
SYN-4273,9
SYN-4274,1
SYN-4275,5
SYN-4276,29
SYN-4277,12
SYN-4278,6
SYN-4279,38
SYN-4280,4
SYN-4281,11
SYN-4282,6
SYN-4283,8
SYN-4284,5
SYN-4285,48
SYN-4286,7
SYN-4287,11
SYN-4288,1
SYN-4289,30
SYN-4290,6
SYN-4291,11
SYN-4292,10
SYN-4293,8
SYN-4294,11
SYN-4295,2
SYN-4296,8
SYN-4297,1
SYN-4298,3
SYN-4299,7
SYN-4300,12
SYN-4301,6
SYN-4302,8
SYN-4303,5
SYN-4304,6
SYN-4305,13
SYN-4306,5
SYN-4307,1
SYN-4308,12
SYN-4309,8
SYN-4310,4
SYN-4311,9
SYN-4312,35
SYN-4313,6
SYN-4314,3
SYN-4315,8
SYN-4316,10
SYN-4317,6
SYN-4318,12
SYN-4319,8
SYN-4320,2
SYN-4321,16
SYN-4322,10
SYN-4323,5
SYN-4324,6
SYN-4325,12
SYN-4326,6
SYN-4327,9
SYN-4328,8
SYN-4329,37
SYN-4330,4
SYN-4331,6
SYN-4332,11
SYN-4333,26
SYN-4334,10
SYN-4335,11
SYN-4336,6
SYN-4337,1
SYN-4338,7
SYN-4339,12
SYN-4340,11
SYN-4341,7
SYN-4342,46
SYN-4343,39
SYN-4344,8
SYN-4345,41
SYN-4346,8
SYN-4347,6
SYN-4348,11
SYN-4349,10
SYN-4350,7
SYN-4351,27
SYN-4352,10
SYN-4353,41
SYN-4354,18
SYN-4355,41
SYN-4356,6
SYN-4357,48
SYN-4358,3
SYN-4359,15
SYN-4360,11
SYN-4361,5
SYN-4362,4
SYN-4363,28
SYN-4364,22
SYN-4365,10
SYN-4366,5
SYN-4367,1
SYN-4368,12
SYN-4369,7
SYN-4370,5
SYN-4371,11
SYN-4372,7
SYN-4373,11
SYN-4374,34
SYN-4375,7
SYN-4376,3
SYN-4377,2
SYN-4378,34
SYN-4379,12
SYN-4380,1
SYN-4381,5
SYN-4382,9
SYN-4383,9
SYN-4384,6
SYN-4385,2
SYN-4386,11
SYN-4387,9
SYN-4388,5
SYN-4389,35
SYN-4390,3
SYN-4391,1
SYN-4392,8
SYN-4393,5
SYN-4394,6
SYN-4395,1
SYN-4396,7
SYN-4397,11
SYN-4398,9
SYN-4399,11
SYN-4400,27
SYN-4401,3
SYN-4402,28
SYN-4403,8
SYN-4404,18
SYN-4405,12
SYN-4406,9
SYN-4407,7
SYN-4408,10
SYN-4409,11
SYN-4410,43
SYN-4411,8
SYN-4412,46
SYN-4413,12
SYN-4414,23
SYN-4415,10
SYN-4416,7
SYN-4417,20
SYN-4418,11
SYN-4419,5
SYN-4420,7
SYN-4421,25
SYN-4422,9
SYN-4423,1
SYN-4424,1
SYN-4425,12
SYN-4426,46
SYN-4427,6
SYN-4428,3
SYN-4429,3
SYN-4430,12
SYN-4431,1
SYN-4432,44
SYN-4433,6
SYN-4434,2
SYN-4435,9
SYN-4436,3
SYN-4437,12
SYN-4438,30
SYN-4439,3
SYN-4440,6
SYN-4441,1
SYN-4442,6
SYN-4443,41
SYN-4444,3
SYN-4445,4
SYN-4446,7
SYN-4447,47
SYN-4448,6
SYN-4449,9
SYN-4450,4
SYN-4451,10
SYN-4452,9
SYN-4453,3
SYN-4454,12
SYN-4455,7
SYN-4456,11
SYN-4457,16
SYN-4458,5
SYN-4459,10
SYN-4460,21
SYN-4461,2
SYN-4462,11
SYN-4463,9
SYN-4464,10
SYN-4465,1
SYN-4466,15
SYN-4467,10
SYN-4468,10
SYN-4469,8
SYN-4470,1
SYN-4471,6
SYN-4472,21
SYN-4473,48
SYN-4474,35
SYN-4475,27
SYN-4476,10
SYN-4477,1
SYN-4478,10
SYN-4479,4
SYN-4480,10
SYN-4481,3
SYN-4482,2
SYN-4483,11
SYN-4484,6
SYN-4485,2
SYN-4486,4
SYN-4487,11
SYN-4488,5
SYN-4489,1
SYN-4490,8
SYN-4491,8
SYN-4492,2
SYN-4493,5
SYN-4494,5
SYN-4495,8
SYN-4496,10
SYN-4497,7
SYN-4498,18
SYN-4499,9
SYN-4500,2
SYN-4501,43
SYN-4502,4
SYN-4503,11
SYN-4504,8
SYN-4505,5
SYN-4506,11
SYN-4507,11
SYN-4508,5
SYN-4509,8
SYN-4510,3
SYN-4511,7
SYN-4512,2
SYN-4513,7
SYN-4514,5
SYN-4515,9
SYN-4516,11
SYN-4517,23
SYN-4518,10
SYN-4519,27
SYN-4520,9
SYN-4521,11
SYN-4522,5
SYN-4523,7
SYN-4524,11
SYN-4525,16
SYN-4526,1
SYN-4527,7
SYN-4528,8
SYN-4529,7
SYN-4530,23
SYN-4531,12
SYN-4532,12
SYN-4533,3
SYN-4534,10
SYN-4535,15
SYN-4536,10
SYN-4537,10
SYN-4538,12
SYN-4539,11
SYN-4540,2
SYN-4541,3
SYN-4542,2
SYN-4543,2
SYN-4544,3
SYN-4545,7
SYN-4546,2
SYN-4547,6
SYN-4548,1
SYN-4549,11
SYN-4550,30
SYN-4551,27
SYN-4552,6
SYN-4553,12
SYN-4554,5
SYN-4555,47
SYN-4556,11
SYN-4557,10
SYN-4558,7
SYN-4559,8
SYN-4560,2
SYN-4561,4
SYN-4562,1
SYN-4563,3
SYN-4564,3
SYN-4565,8
SYN-4566,4
SYN-4567,1
SYN-4568,25
SYN-4569,14
SYN-4570,12
SYN-4571,1
SYN-4572,8
SYN-4573,11
SYN-4574,3
SYN-4575,8
SYN-4576,12
SYN-4577,6
SYN-4578,1
SYN-4579,5
SYN-4580,28
SYN-4581,44
SYN-4582,12
SYN-4583,1
SYN-4584,8
SYN-4585,5
SYN-4586,4
SYN-4587,5
SYN-4588,11
SYN-4589,10
SYN-4590,33
SYN-4591,12
SYN-4592,10
SYN-4593,12
SYN-4594,9
SYN-4595,12
SYN-4596,8
SYN-4597,45
SYN-4598,27
SYN-4599,8
SYN-4600,6
SYN-4601,11
SYN-4602,3
SYN-4603,7
SYN-4604,3
SYN-4605,43
SYN-4606,1
SYN-4607,9
SYN-4608,12
SYN-4609,3
SYN-4610,27
SYN-4611,6
SYN-4612,7
SYN-4613,28
SYN-4614,6
SYN-4615,14
SYN-4616,2
SYN-4617,6
SYN-4618,8
SYN-4619,30
SYN-4620,12
SYN-4621,22
SYN-4622,32
SYN-4623,7
SYN-4624,2
SYN-4625,3
SYN-4626,6
SYN-4627,3
SYN-4628,9
SYN-4629,1
SYN-4630,9
SYN-4631,18
SYN-4632,12
SYN-4633,6
SYN-4634,6
SYN-4635,4
SYN-4636,5
SYN-4637,5
SYN-4638,2
SYN-4639,8
SYN-4640,44
SYN-4641,6
SYN-4642,2
SYN-4643,7
SYN-4644,4
SYN-4645,45
SYN-4646,3
SYN-4647,7
SYN-4648,7
SYN-4649,39
SYN-4650,17
SYN-4651,9
SYN-4652,12
SYN-4653,6
SYN-4654,13
SYN-4655,2
SYN-4656,5
SYN-4657,33
SYN-4658,11
SYN-4659,6
SYN-4660,7
SYN-4661,8
SYN-4662,5
SYN-4663,26
SYN-4664,7
SYN-4665,45
SYN-4666,15
SYN-4667,18
SYN-4668,7
SYN-4669,1
SYN-4670,10
SYN-4671,45
SYN-4672,9
SYN-4673,26
SYN-4674,38
SYN-4675,7
SYN-4676,9
SYN-4677,7
SYN-4678,8
SYN-4679,12
SYN-4680,9
SYN-4681,6
SYN-4682,10
SYN-4683,35
SYN-4684,11
SYN-4685,6
SYN-4686,9
SYN-4687,3
SYN-4688,3
SYN-4689,1
SYN-4690,3
SYN-4691,3
SYN-4692,12
SYN-4693,9
SYN-4694,31
SYN-4695,11
SYN-4696,26
SYN-4697,5
SYN-4698,46
SYN-4699,12
SYN-4700,1
SYN-4701,4
SYN-4702,38
SYN-4703,9
SYN-4704,10
SYN-4705,10
SYN-4706,11
SYN-4707,5
SYN-4708,4
SYN-4709,2
SYN-4710,8
SYN-4711,1
SYN-4712,7
SYN-4713,12
SYN-4714,6
SYN-4715,48
SYN-4716,8
SYN-4717,2
SYN-4718,6
SYN-4719,6
SYN-4720,6
SYN-4721,4
SYN-4722,4
SYN-4723,2
SYN-4724,11
SYN-4725,4
SYN-4726,3
SYN-4727,15
SYN-4728,46
SYN-4729,6
SYN-4730,4
SYN-4731,8
SYN-4732,8
SYN-4733,1
SYN-4734,2
SYN-4735,12
SYN-4736,2
SYN-4737,3
SYN-4738,2
SYN-4739,9
SYN-4740,3
SYN-4741,19
SYN-4742,16
SYN-4743,36
SYN-4744,5
SYN-4745,1
SYN-4746,6
SYN-4747,1
SYN-4748,12
SYN-4749,11
SYN-4750,9
SYN-4751,10
SYN-4752,7
SYN-4753,4
SYN-4754,8
SYN-4755,37
SYN-4756,26
SYN-4757,31
SYN-4758,4
SYN-4759,1
SYN-4760,18
SYN-4761,6
SYN-4762,32
SYN-4763,4
SYN-4764,8
SYN-4765,12
SYN-4766,8
SYN-4767,10
SYN-4768,7
SYN-4769,5
SYN-4770,7
SYN-4771,44
SYN-4772,6
SYN-4773,37
SYN-4774,34
SYN-4775,33
SYN-4776,1
SYN-4777,21
SYN-4778,3
SYN-4779,5
SYN-4780,37
SYN-4781,8
SYN-4782,2
SYN-4783,18
SYN-4784,9
SYN-4785,1
SYN-4786,2
SYN-4787,11
SYN-4788,45
SYN-4789,1
SYN-4790,7
SYN-4791,1
SYN-4792,2
SYN-4793,4
SYN-4794,8
SYN-4795,5
SYN-4796,8
SYN-4797,1
SYN-4798,7
SYN-4799,7
SYN-4800,21
SYN-4801,10
SYN-4802,9
SYN-4803,5
SYN-4804,3
SYN-4805,23
SYN-4806,5
SYN-4807,3
SYN-4808,9
SYN-4809,4
SYN-4810,4
SYN-4811,4
SYN-4812,5
SYN-4813,4
SYN-4814,2
SYN-4815,1
SYN-4816,7
SYN-4817,11
SYN-4818,2
SYN-4819,2
SYN-4820,4
SYN-4821,7
SYN-4822,18
SYN-4823,42
SYN-4824,2
SYN-4825,10
SYN-4826,2
SYN-4827,10
SYN-4828,10
SYN-4829,33
SYN-4830,7
SYN-4831,11
SYN-4832,5
SYN-4833,7
SYN-4834,11
SYN-4835,5
SYN-4836,15
SYN-4837,2
SYN-4838,4
SYN-4839,9
SYN-4840,48
SYN-4841,5
SYN-4842,34
SYN-4843,12
SYN-4844,3
SYN-4845,2
SYN-4846,10
SYN-4847,5
SYN-4848,1
SYN-4849,7
SYN-4850,30
SYN-4851,7
SYN-4852,5
SYN-4853,9
SYN-4854,4
SYN-4855,25
SYN-4856,35
SYN-4857,7
SYN-4858,8
SYN-4859,22
SYN-4860,11
SYN-4861,10
SYN-4862,1
SYN-4863,5
SYN-4864,26
SYN-4865,8
SYN-4866,10
SYN-4867,10
SYN-4868,9
SYN-4869,10
SYN-4870,4
SYN-4871,12
SYN-4872,12
SYN-4873,10
SYN-4874,3
SYN-4875,7
SYN-4876,2
SYN-4877,37
SYN-4878,23
SYN-4879,8
SYN-4880,2
SYN-4881,9
SYN-4882,44
SYN-4883,7
SYN-4884,11
SYN-4885,2
SYN-4886,47
SYN-4887,11
SYN-4888,7
SYN-4889,3
SYN-4890,7
SYN-4891,31
SYN-4892,30
SYN-4893,9
SYN-4894,10
SYN-4895,9
SYN-4896,11
SYN-4897,9
SYN-4898,9
SYN-4899,2
SYN-4900,11
SYN-4901,2
SYN-4902,16
SYN-4903,8
SYN-4904,1
SYN-4905,8
SYN-4906,4
SYN-4907,6
SYN-4908,5
SYN-4909,4
SYN-4910,1
SYN-4911,2
SYN-4912,17
SYN-4913,10
SYN-4914,7
SYN-4915,1
SYN-4916,1
SYN-4917,18
SYN-4918,5
SYN-4919,35
SYN-4920,10
SYN-4921,5
SYN-4922,4
SYN-4923,9
SYN-4924,10
SYN-4925,12
SYN-4926,6
SYN-4927,4
SYN-4928,2
SYN-4929,11
SYN-4930,26
SYN-4931,6
SYN-4932,1
SYN-4933,1
SYN-4934,12
SYN-4935,10
SYN-4936,38
SYN-4937,4
SYN-4938,12
SYN-4939,43
SYN-4940,8
SYN-4941,8
SYN-4942,10
SYN-4943,7
SYN-4944,3
SYN-4945,8
SYN-4946,3
SYN-4947,4
SYN-4948,9
SYN-4949,9
SYN-4950,6
SYN-4951,4
SYN-4952,3
SYN-4953,11
SYN-4954,9
SYN-4955,2
SYN-4956,2
SYN-4957,4
SYN-4958,4
SYN-4959,8
SYN-4960,7
SYN-4961,1
SYN-4962,6
SYN-4963,11
SYN-4964,27
SYN-4965,8
SYN-4966,2
SYN-4967,2
SYN-4968,6
SYN-4969,48
SYN-4970,6
SYN-4971,7
SYN-4972,4
SYN-4973,9
SYN-4974,8
SYN-4975,31
SYN-4976,11
SYN-4977,6
SYN-4978,4
SYN-4979,4
SYN-4980,3
SYN-4981,2
SYN-4982,7
SYN-4983,12
SYN-4984,3
SYN-4985,3
SYN-4986,11
SYN-4987,14
SYN-4988,3
SYN-4989,1
SYN-4990,18
SYN-4991,2
SYN-4992,12
SYN-4993,33
SYN-4994,7
SYN-4995,42
SYN-4996,29
SYN-4997,12
SYN-4998,9
SYN-4999,18
SYN-5000,1
SYN-5001,48
SYN-5002,11
SYN-5003,9
SYN-5004,11
SYN-5005,10
SYN-5006,11
SYN-5007,12
SYN-5008,7
SYN-5009,4
SYN-5010,4
SYN-5011,29
SYN-5012,9
SYN-5013,42
SYN-5014,4
SYN-5015,7
SYN-5016,6
SYN-5017,12
SYN-5018,10
SYN-5019,17
SYN-5020,9
SYN-5021,3
SYN-5022,26
SYN-5023,9
SYN-5024,7
SYN-5025,2
SYN-5026,2
SYN-5027,11
SYN-5028,4
SYN-5029,3
SYN-5030,29
SYN-5031,12
SYN-5032,10
SYN-5033,9
SYN-5034,17
SYN-5035,8
SYN-5036,1
SYN-5037,3
SYN-5038,10
SYN-5039,12
SYN-5040,4
SYN-5041,6
SYN-5042,47
SYN-5043,38
SYN-5044,2
SYN-5045,28
SYN-5046,5
SYN-5047,10
SYN-5048,3
SYN-5049,6
SYN-5050,39
SYN-5051,5
SYN-5052,9
SYN-5053,4
SYN-5054,12
SYN-5055,12
SYN-5056,7
SYN-5057,2
SYN-5058,27
SYN-5059,7
SYN-5060,10
SYN-5061,1
SYN-5062,8
SYN-5063,6
SYN-5064,6
SYN-5065,11
SYN-5066,1
SYN-5067,7
SYN-5068,3
SYN-5069,9
SYN-5070,10
SYN-5071,35
SYN-5072,12
SYN-5073,30
SYN-5074,4
SYN-5075,2
SYN-5076,12
SYN-5077,7
SYN-5078,4
SYN-5079,33
SYN-5080,2
SYN-5081,1
SYN-5082,33
SYN-5083,10
SYN-5084,8
SYN-5085,4
SYN-5086,10
SYN-5087,35
SYN-5088,10
SYN-5089,6
SYN-5090,22
SYN-5091,8
SYN-5092,2
SYN-5093,43
SYN-5094,7
SYN-5095,8
SYN-5096,46
SYN-5097,6
SYN-5098,11
SYN-5099,7
SYN-5100,23
SYN-5101,9
SYN-5102,3
SYN-5103,1
SYN-5104,9
SYN-5105,38
SYN-5106,1
SYN-5107,9
SYN-5108,10
SYN-5109,11
SYN-5110,11
SYN-5111,9
SYN-5112,3
SYN-5113,1
SYN-5114,11
SYN-5115,9
SYN-5116,3
SYN-5117,4
SYN-5118,6
SYN-5119,5
SYN-5120,3
SYN-5121,43
SYN-5122,17
SYN-5123,1
SYN-5124,3
SYN-5125,5
SYN-5126,2
SYN-5127,12
SYN-5128,40
SYN-5129,4
SYN-5130,6
SYN-5131,33
SYN-5132,2
SYN-5133,1
SYN-5134,36
SYN-5135,1
SYN-5136,10
SYN-5137,9
SYN-5138,12
SYN-5139,40
SYN-5140,4
SYN-5141,1
SYN-5142,1
SYN-5143,3
SYN-5144,33
SYN-5145,46
SYN-5146,12
SYN-5147,11
SYN-5148,3
SYN-5149,11
SYN-5150,8
SYN-5151,4
SYN-5152,7
SYN-5153,3
SYN-5154,9
SYN-5155,20
SYN-5156,12
SYN-5157,2
SYN-5158,7
SYN-5159,9
SYN-5160,11
SYN-5161,4
SYN-5162,1
SYN-5163,5
SYN-5164,2
SYN-5165,7
SYN-5166,38
SYN-5167,8
SYN-5168,47
SYN-5169,12
SYN-5170,1
SYN-5171,19
SYN-5172,5
SYN-5173,39
SYN-5174,3
SYN-5175,10
SYN-5176,19
SYN-5177,13
SYN-5178,1
SYN-5179,7
SYN-5180,12
SYN-5181,12
SYN-5182,4
SYN-5183,23
SYN-5184,6
SYN-5185,28
SYN-5186,3
SYN-5187,9
SYN-5188,6
SYN-5189,9
SYN-5190,42
SYN-5191,11
SYN-5192,6
SYN-5193,12
SYN-5194,32
SYN-5195,7
SYN-5196,34
SYN-5197,11
SYN-5198,36
SYN-5199,19
SYN-5200,34
SYN-5201,6
SYN-5202,11
SYN-5203,3
SYN-5204,12
SYN-5205,9
SYN-5206,15
SYN-5207,8
SYN-5208,10
SYN-5209,28
SYN-5210,35
SYN-5211,9
SYN-5212,9
SYN-5213,43
SYN-5214,47
SYN-5215,5
SYN-5216,3
SYN-5217,27
SYN-5218,12
SYN-5219,12
SYN-5220,11
SYN-5221,10
SYN-5222,1
SYN-5223,6
SYN-5224,8
SYN-5225,8
SYN-5226,2
SYN-5227,25
SYN-5228,10
SYN-5229,4
SYN-5230,32
SYN-5231,8
SYN-5232,3
SYN-5233,5
SYN-5234,11
SYN-5235,37
SYN-5236,35
SYN-5237,10
SYN-5238,1
SYN-5239,2
SYN-5240,11
SYN-5241,3
SYN-5242,26
SYN-5243,12
SYN-5244,7
SYN-5245,45
SYN-5246,42
SYN-5247,12
SYN-5248,45
SYN-5249,9
SYN-5250,12
SYN-5251,11
SYN-5252,8
SYN-5253,2
SYN-5254,12
SYN-5255,10
SYN-5256,11
SYN-5257,10
SYN-5258,19
SYN-5259,6
SYN-5260,1
SYN-5261,4
SYN-5262,11
SYN-5263,9
SYN-5264,11
SYN-5265,3
SYN-5266,12
SYN-5267,9
SYN-5268,9
SYN-5269,11
SYN-5270,29
SYN-5271,10
SYN-5272,12
SYN-5273,12
SYN-5274,10
SYN-5275,13
SYN-5276,8
SYN-5277,10
SYN-5278,10
SYN-5279,12
SYN-5280,5
SYN-5281,6
SYN-5282,11
SYN-5283,5
SYN-5284,1
SYN-5285,10
SYN-5286,3
SYN-5287,3
SYN-5288,6
SYN-5289,4
SYN-5290,8
SYN-5291,10
SYN-5292,38
SYN-5293,29
SYN-5294,10
SYN-5295,9
SYN-5296,10
SYN-5297,11
SYN-5298,10
SYN-5299,8
SYN-5300,12
SYN-5301,7
SYN-5302,6
SYN-5303,4
SYN-5304,8
SYN-5305,11
SYN-5306,9
SYN-5307,43
SYN-5308,4
SYN-5309,11
SYN-5310,26
SYN-5311,41
SYN-5312,2
SYN-5313,8
SYN-5314,7
SYN-5315,25
SYN-5316,1
SYN-5317,1
SYN-5318,9
SYN-5319,10
SYN-5320,25
SYN-5321,45
SYN-5322,1
SYN-5323,4
SYN-5324,10
SYN-5325,3
SYN-5326,6
SYN-5327,1
SYN-5328,4
SYN-5329,21
SYN-5330,11
SYN-5331,6
SYN-5332,42
SYN-5333,12
SYN-5334,6
SYN-5335,5
SYN-5336,3
SYN-5337,12
SYN-5338,21
SYN-5339,4
SYN-5340,8
SYN-5341,40
SYN-5342,6
SYN-5343,10
SYN-5344,6
SYN-5345,6
SYN-5346,1
SYN-5347,3
SYN-5348,39
SYN-5349,29
SYN-5350,39
SYN-5351,5
SYN-5352,6
SYN-5353,8
SYN-5354,2
SYN-5355,2
SYN-5356,4
SYN-5357,10
SYN-5358,22
SYN-5359,12
SYN-5360,1
SYN-5361,6
SYN-5362,38
SYN-5363,22
SYN-5364,22
SYN-5365,9
SYN-5366,11
SYN-5367,1
SYN-5368,5
SYN-5369,9
SYN-5370,4
SYN-5371,5
SYN-5372,6
SYN-5373,6
SYN-5374,1
SYN-5375,39
SYN-5376,6
SYN-5377,8
SYN-5378,9
SYN-5379,11
SYN-5380,4
SYN-5381,3
SYN-5382,4
SYN-5383,10
SYN-5384,39
SYN-5385,46
SYN-5386,28
SYN-5387,7
SYN-5388,3
SYN-5389,7
SYN-5390,10
SYN-5391,24
SYN-5392,41
SYN-5393,6
SYN-5394,7
SYN-5395,15
SYN-5396,8
SYN-5397,17
SYN-5398,11
SYN-5399,15
SYN-5400,26
SYN-5401,10
SYN-5402,40
SYN-5403,3
SYN-5404,7
SYN-5405,17
SYN-5406,4
SYN-5407,11
SYN-5408,10
SYN-5409,2
SYN-5410,3
SYN-5411,7
SYN-5412,10
SYN-5413,13
SYN-5414,4
SYN-5415,18
SYN-5416,39
SYN-5417,16
SYN-5418,3
SYN-5419,9
SYN-5420,8
SYN-5421,5
SYN-5422,16
SYN-5423,10
SYN-5424,8
SYN-5425,9
SYN-5426,3
SYN-5427,3
SYN-5428,25
SYN-5429,46
SYN-5430,12
SYN-5431,2
SYN-5432,3
SYN-5433,10
SYN-5434,5
SYN-5435,12
SYN-5436,9
SYN-5437,3
SYN-5438,5
SYN-5439,1
SYN-5440,7
SYN-5441,1
SYN-5442,5
SYN-5443,12
SYN-5444,6
SYN-5445,42
SYN-5446,9
SYN-5447,5
SYN-5448,9
SYN-5449,5
SYN-5450,13
SYN-5451,12
SYN-5452,7
SYN-5453,8
SYN-5454,1
SYN-5455,2
SYN-5456,45
SYN-5457,8
SYN-5458,3
SYN-5459,3
SYN-5460,1
SYN-5461,3
SYN-5462,3
SYN-5463,11
SYN-5464,12
SYN-5465,7
SYN-5466,8
SYN-5467,34
SYN-5468,44
SYN-5469,46
SYN-5470,1
SYN-5471,12
SYN-5472,9
SYN-5473,4
SYN-5474,38
SYN-5475,8
SYN-5476,10
SYN-5477,11
SYN-5478,42
SYN-5479,4
SYN-5480,3
SYN-5481,5
SYN-5482,36
SYN-5483,6
SYN-5484,5
SYN-5485,38
SYN-5486,2
SYN-5487,2
SYN-5488,9
SYN-5489,9
SYN-5490,41
SYN-5491,20
SYN-5492,12
SYN-5493,12
SYN-5494,8
SYN-5495,2
SYN-5496,1
SYN-5497,11
SYN-5498,16
SYN-5499,5
SYN-5500,27
SYN-5501,9
SYN-5502,12
SYN-5503,7
SYN-5504,3
SYN-5505,5
SYN-5506,11
SYN-5507,17
SYN-5508,13
SYN-5509,43
SYN-5510,19
SYN-5511,12
SYN-5512,12
SYN-5513,36
SYN-5514,35
SYN-5515,10
SYN-5516,11
SYN-5517,11
SYN-5518,11
SYN-5519,1
SYN-5520,24
SYN-5521,8
SYN-5522,10
SYN-5523,8
SYN-5524,8
SYN-5525,11
SYN-5526,6
SYN-5527,10
SYN-5528,10
SYN-5529,8
SYN-5530,5
SYN-5531,3
SYN-5532,7
SYN-5533,11
SYN-5534,12
SYN-5535,11
SYN-5536,31
SYN-5537,31
SYN-5538,26
SYN-5539,1
SYN-5540,11
SYN-5541,2
SYN-5542,4
SYN-5543,10
SYN-5544,8
SYN-5545,7
SYN-5546,11
SYN-5547,7
SYN-5548,12
SYN-5549,7
SYN-5550,1
SYN-5551,6
SYN-5552,2
SYN-5553,8
SYN-5554,11
SYN-5555,36
SYN-5556,10
SYN-5557,9
SYN-5558,5
SYN-5559,10
SYN-5560,16
SYN-5561,6
SYN-5562,3
SYN-5563,1
SYN-5564,8
SYN-5565,6
SYN-5566,48
SYN-5567,3
SYN-5568,4
SYN-5569,8
SYN-5570,2
SYN-5571,20
SYN-5572,16
SYN-5573,9
SYN-5574,12
SYN-5575,9
SYN-5576,11
SYN-5577,9
SYN-5578,11
SYN-5579,6
SYN-5580,3
SYN-5581,35
SYN-5582,7
SYN-5583,26
SYN-5584,42
SYN-5585,4
SYN-5586,12
SYN-5587,9
SYN-5588,15
SYN-5589,3
SYN-5590,7
SYN-5591,6
SYN-5592,8
SYN-5593,3
SYN-5594,34
SYN-5595,3
SYN-5596,9
SYN-5597,8
SYN-5598,9
SYN-5599,12
SYN-5600,2
SYN-5601,5
SYN-5602,11
SYN-5603,12
SYN-5604,8
SYN-5605,1
SYN-5606,10
SYN-5607,8
SYN-5608,8
SYN-5609,5
SYN-5610,3
SYN-5611,40
SYN-5612,24
SYN-5613,9
SYN-5614,30
SYN-5615,3
SYN-5616,3
SYN-5617,7
SYN-5618,9
SYN-5619,10
SYN-5620,9
SYN-5621,8
SYN-5622,5
SYN-5623,5
SYN-5624,5
SYN-5625,4
SYN-5626,2
SYN-5627,3
SYN-5628,10
SYN-5629,4
SYN-5630,1
SYN-5631,10
SYN-5632,12
SYN-5633,11
SYN-5634,12
SYN-5635,5
SYN-5636,4
SYN-5637,1
SYN-5638,30
SYN-5639,9
SYN-5640,5
SYN-5641,4
SYN-5642,11
SYN-5643,2
SYN-5644,2
SYN-5645,7
SYN-5646,7
SYN-5647,21
SYN-5648,4
SYN-5649,1
SYN-5650,8
SYN-5651,39
SYN-5652,5
SYN-5653,6
SYN-5654,2
SYN-5655,3
SYN-5656,8
SYN-5657,5
SYN-5658,1
SYN-5659,8
SYN-5660,3
SYN-5661,11
SYN-5662,8
SYN-5663,39
SYN-5664,3
SYN-5665,8
SYN-5666,6
SYN-5667,2
SYN-5668,2
SYN-5669,17
SYN-5670,12
SYN-5671,47
SYN-5672,9
SYN-5673,9
SYN-5674,1
SYN-5675,7
SYN-5676,32
SYN-5677,9
SYN-5678,7
SYN-5679,6
SYN-5680,12
SYN-5681,2
SYN-5682,1
SYN-5683,48
SYN-5684,3
SYN-5685,2
SYN-5686,11
SYN-5687,9
SYN-5688,10
SYN-5689,33
SYN-5690,10
SYN-5691,10
SYN-5692,10
SYN-5693,5
SYN-5694,45
SYN-5695,12
SYN-5696,5
SYN-5697,1
SYN-5698,1
SYN-5699,11
SYN-5700,11
SYN-5701,47
SYN-5702,8
SYN-5703,23
SYN-5704,3
SYN-5705,4
SYN-5706,7
SYN-5707,5
SYN-5708,41
SYN-5709,12
SYN-5710,7
SYN-5711,47
SYN-5712,6
SYN-5713,22
SYN-5714,12
SYN-5715,1
SYN-5716,3
SYN-5717,43
SYN-5718,4
SYN-5719,8
SYN-5720,12
SYN-5721,24
SYN-5722,4
SYN-5723,5
SYN-5724,6
SYN-5725,11
SYN-5726,8
SYN-5727,7
SYN-5728,21
SYN-5729,8
SYN-5730,12
SYN-5731,1
SYN-5732,4
SYN-5733,6
SYN-5734,8
SYN-5735,3
SYN-5736,4
SYN-5737,11
SYN-5738,3
SYN-5739,8
SYN-5740,1
SYN-5741,3
SYN-5742,1
SYN-5743,3
SYN-5744,6
SYN-5745,7
SYN-5746,12
SYN-5747,11
SYN-5748,10
SYN-5749,8
SYN-5750,5
SYN-5751,39
SYN-5752,9
SYN-5753,2
SYN-5754,10
SYN-5755,5
SYN-5756,11
SYN-5757,9
SYN-5758,6
SYN-5759,1
SYN-5760,5
SYN-5761,5
SYN-5762,7
SYN-5763,4
SYN-5764,12
SYN-5765,17
SYN-5766,3
SYN-5767,10
SYN-5768,9
SYN-5769,12
SYN-5770,1
SYN-5771,7
SYN-5772,4
SYN-5773,5
SYN-5774,10
SYN-5775,11
SYN-5776,3
SYN-5777,1
SYN-5778,1
SYN-5779,10
SYN-5780,1
SYN-5781,16
SYN-5782,4
SYN-5783,1
SYN-5784,4
SYN-5785,9
SYN-5786,7
SYN-5787,27
SYN-5788,7
SYN-5789,1
SYN-5790,9
SYN-5791,2
SYN-5792,14
SYN-5793,6
SYN-5794,4
SYN-5795,4
SYN-5796,8
SYN-5797,41
SYN-5798,9
SYN-5799,2
SYN-5800,7
SYN-5801,7
SYN-5802,6
SYN-5803,10
SYN-5804,5
SYN-5805,8
SYN-5806,6
SYN-5807,6
SYN-5808,1
SYN-5809,6
SYN-5810,4
SYN-5811,7
SYN-5812,18
SYN-5813,5
SYN-5814,5
SYN-5815,9
SYN-5816,6
SYN-5817,12
SYN-5818,12
SYN-5819,6
SYN-5820,16
SYN-5821,11
SYN-5822,11
SYN-5823,3
SYN-5824,2
SYN-5825,6
SYN-5826,17
SYN-5827,12
SYN-5828,32
SYN-5829,6
SYN-5830,12
SYN-5831,3
SYN-5832,26
SYN-5833,21
SYN-5834,7
SYN-5835,5
SYN-5836,1
SYN-5837,9
SYN-5838,16
SYN-5839,36
SYN-5840,4
SYN-5841,18
SYN-5842,12
SYN-5843,5
SYN-5844,24
SYN-5845,7
SYN-5846,11
SYN-5847,1
SYN-5848,2
SYN-5849,18
SYN-5850,1
SYN-5851,11
SYN-5852,43
SYN-5853,10
SYN-5854,12
SYN-5855,43
SYN-5856,5
SYN-5857,28
SYN-5858,6
SYN-5859,1
SYN-5860,18
SYN-5861,2
SYN-5862,5
SYN-5863,12
SYN-5864,5
SYN-5865,12
SYN-5866,2
SYN-5867,10
SYN-5868,10
SYN-5869,3
SYN-5870,7
SYN-5871,2
SYN-5872,28
SYN-5873,3
SYN-5874,20
SYN-5875,23
SYN-5876,12
SYN-5877,9
SYN-5878,27
SYN-5879,31
SYN-5880,5
SYN-5881,3
SYN-5882,10
SYN-5883,47
SYN-5884,12
SYN-5885,37
SYN-5886,5
SYN-5887,3
SYN-5888,19
SYN-5889,10
SYN-5890,22
SYN-5891,26
SYN-5892,38
SYN-5893,12
SYN-5894,4
SYN-5895,22
SYN-5896,7
SYN-5897,11
SYN-5898,1
SYN-5899,12
SYN-5900,2
SYN-5901,2
SYN-5902,26
SYN-5903,10
SYN-5904,20
SYN-5905,8
SYN-5906,6
SYN-5907,1
SYN-5908,26
SYN-5909,1
SYN-5910,4
SYN-5911,5
SYN-5912,7
SYN-5913,44
SYN-5914,46
SYN-5915,7
SYN-5916,12
SYN-5917,6
SYN-5918,3
SYN-5919,11
SYN-5920,4
SYN-5921,37
SYN-5922,4
SYN-5923,14
SYN-5924,11
SYN-5925,11
SYN-5926,2
SYN-5927,16
SYN-5928,12
SYN-5929,1
SYN-5930,10
SYN-5931,4
SYN-5932,38
SYN-5933,1
SYN-5934,30
SYN-5935,10
SYN-5936,7
SYN-5937,10
SYN-5938,12
SYN-5939,28
SYN-5940,8
SYN-5941,44
SYN-5942,33
SYN-5943,1
SYN-5944,10
SYN-5945,2
SYN-5946,1
SYN-5947,4
SYN-5948,4
SYN-5949,1
SYN-5950,7
SYN-5951,9
SYN-5952,5
SYN-5953,12
SYN-5954,9
SYN-5955,10
SYN-5956,3
SYN-5957,6
SYN-5958,1
SYN-5959,8
SYN-5960,46
SYN-5961,6
SYN-5962,12
SYN-5963,36
SYN-5964,6
SYN-5965,6
SYN-5966,2
SYN-5967,2
SYN-5968,7
SYN-5969,4
SYN-5970,9
SYN-5971,4
SYN-5972,9
SYN-5973,4
SYN-5974,8
SYN-5975,25
SYN-5976,28
SYN-5977,1
SYN-5978,4
SYN-5979,8
SYN-5980,5
SYN-5981,5
SYN-5982,12
SYN-5983,12
SYN-5984,7
SYN-5985,2
SYN-5986,38
SYN-5987,8
SYN-5988,3
SYN-5989,8
SYN-5990,2
SYN-5991,9
SYN-5992,9
SYN-5993,30
SYN-5994,2
SYN-5995,3
SYN-5996,12
SYN-5997,4
SYN-5998,2
SYN-5999,47
